# Populated places over 15,000 people in the countries this table covers
# (IN, PK, BD, NP, BT, ZA, BR); see scripts/build_settlements.py for why.
# Source: GeoNames cities15000, https://download.geonames.org/export/dump/cities15000.zip
# Licence: Creative Commons Attribution 4.0 (CC BY 4.0), (c) GeoNames,
# https://www.geonames.org/ . Filtered, not edited: city sections (PPLX) and
# historical, abandoned or destroyed places are dropped.
# Built 2026-09-28 by scripts/build_settlements.py; rebuild with that script
# rather than editing by hand.
name,country,latitude,longitude,population
Lahore,PK,31.558,74.3507,13004135
Mumbai,IN,19.0728,72.8826,12691836
Sao Paulo,BR,-23.5475,-46.6361,12400232
Karachi,PK,24.8608,67.0104,11624219
Delhi,IN,28.6519,77.2315,11034555
Dhaka,BD,23.7104,90.4074,10356500
Johannesburg,ZA,-26.2023,28.0436,9418183
Bengaluru,IN,12.9719,77.5937,8495492
Hyderabad,IN,17.384,78.4564,6993262
Rio de Janeiro,BR,-22.9064,-43.1822,6747815
Ahmedabad,IN,23.0258,72.5873,6357693
Cape Town,ZA,-33.9258,18.4232,4772846
Peshawar,PK,34.008,71.5785,4758762
Chennai,IN,13.0878,80.2785,4681087
Kolkata,IN,22.5626,88.363,4631392
Surat,IN,21.1959,72.8302,4591246
Chattogram,BD,22.3384,91.8317,3920222
Faisalabad,PK,31.4155,73.0897,3800193
Rawalpindi,PK,33.5973,73.0479,3357612
Durban,ZA,-29.8579,31.0292,3338026
Pune,IN,18.5196,73.8554,3124458
Jaipur,IN,26.9196,75.7878,3046163
Kanpur,IN,26.4652,80.3498,2823249
Belo Horizonte,BR,-19.9208,-43.9378,2721564
Salvador,BR,-12.9756,-38.491,2711840
Gazipur,BD,23.9984,90.4223,2674697
Gujranwala,PK,32.1557,74.187,2511118
Lucknow,IN,26.8393,80.9231,2472011
Nagpur,IN,21.1463,79.0849,2405665
Fortaleza,BR,-3.7172,-38.5431,2400000
Manaus,BR,-3.1019,-60.025,2219580
Brasilia,BR,-15.7797,-47.9297,2207718
Multan,PK,30.1968,71.4782,2169915
Coimbatore,IN,11.0055,76.9661,2136916
Pretoria,ZA,-25.7449,28.1878,2112693
Indore,IN,22.7179,75.8333,1994397
Curitiba,BR,-25.4278,-49.2731,1948626
Hyderabad,PK,25.3969,68.3772,1921275
Thane,IN,19.197,72.9635,1841488
Vadodara,IN,22.2994,73.2081,1822221
Bhopal,IN,23.2547,77.4029,1798218
Rasapudipalem,IN,17.7331,83.3162,1728128
Pimpri-Chinchwad,IN,18.6187,73.8037,1727692
Soweto,ZA,-26.2678,27.8585,1695047
Patna,IN,25.5941,85.1356,1684297
Kallakurichi,IN,11.7338,78.9592,1682687
Recife,BR,-8.0539,-34.8811,1653461
Ludhiana,IN,30.912,75.8538,1618879
Quetta,PK,30.1841,67.0014,1565546
Goiania,BR,-16.6786,-49.2539,1536097
Khulna,BD,22.8098,89.5644,1500689
Belem,BR,-1.4558,-48.5044,1499641
Porto Alegre,BR,-30.0328,-51.2302,1488252
Nashik,IN,19.9973,73.791,1486053
Madurai,IN,9.919,78.1195,1465625
Kathmandu,NP,27.7017,85.3206,1442271
Tirunelveli,IN,8.7274,77.6838,1435844
Agra,IN,27.1833,78.0167,1430055
Faridabad,IN,28.4112,77.3132,1414050
Rajkot,IN,22.2916,70.7932,1390640
Najafgarh,IN,28.6092,76.9798,1365000
Bannu,PK,32.9853,70.604,1357890
Guarulhos,BR,-23.4628,-46.5333,1345364
Jamshedpur,IN,22.8028,86.1855,1339438
Pimpri,IN,18.6229,73.807,1284606
Kalyan,IN,19.2437,73.1355,1262255
Dombivali,IN,19.2167,73.0833,1247327
Meerut,IN,28.98,77.7064,1223184
Virar,IN,19.4559,72.8114,1222390
Nowrangapur,IN,19.2311,82.5483,1220946
Srinagar,IN,34.0857,74.8055,1206419
Ghaziabad,IN,28.6654,77.4391,1199191
Dhanbad,IN,23.7976,86.4299,1196214
Aurangabad,IN,19.8776,75.3423,1175116
Varanasi,IN,25.3167,83.0104,1164404
Amritsar,IN,31.6223,74.8753,1159227
Vijayawada,IN,16.5074,80.6466,1143232
Ranchi,IN,23.3432,85.3094,1120374
Jabalpur,IN,23.167,79.9501,1081677
Prayagraj,IN,25.4448,81.8432,1073438
Visakhapatnam,IN,17.6801,83.2016,1063178
Jodhpur,IN,26.2684,73.0059,1056191
Gwalior,IN,26.2298,78.1734,1054420
Gqeberha,ZA,-33.9611,25.6149,1050078
Maceio,BR,-9.6658,-35.7353,1031597
Campinas,BR,-22.9056,-47.0608,1031554
Rangpur,BD,25.7466,89.2517,1031388
Howrah,IN,22.5769,88.3186,1027672
Raipur,IN,21.2333,81.6333,1027264
Tiruchirappalli,IN,10.8155,78.6965,1022518
Kota,IN,25.1825,75.8391,1001694
Sholapur,IN,17.6715,75.9104,997281
Sargodha,PK,32.0859,72.6742,975886
Chandigarh,IN,30.7363,76.7884,970602
Tiruppur,IN,11.1154,77.3546,963173
Guwahati,IN,26.1844,91.7458,962334
Hubballi,IN,15.3478,75.1338,943788
Mysuru,IN,12.2979,76.6393,920550
Salem,IN,11.6538,78.1554,917414
Sao Luis,BR,-2.5297,-44.3028,917237
Sialkot,PK,32.4927,74.5313,911817
Campo Grande,BR,-20.4428,-54.6464,906092
Bahawalpur,PK,29.3978,71.6752,903795
Natal,BR,-5.795,-35.2094,896708
Gurugram,IN,28.4601,77.0263,886519
Bhubaneswar,IN,20.2724,85.8338,885363
Bhiwandi,IN,19.3002,73.0588,874032
Soshanguve,ZA,-25.4729,28.0992,872309
Teresina,BR,-5.0892,-42.8019,871126
Jalandhar,IN,31.3256,75.5792,868929
Duque de Caxias,BR,-22.7856,-43.3117,866347
Arifwala,PK,30.2906,73.0657,854462
Kanayannur,IN,9.9667,76.2667,851406
Nova Iguacu,BR,-22.7592,-43.4511,843046
Sao Bernardo do Campo,BR,-23.6939,-46.565,840499
Pietermaritzburg,ZA,-29.6168,30.3928,839327
Joao Pessoa,BR,-7.115,-34.8631,817511
Bhayandar,IN,19.3016,72.8511,809378
Narela,IN,28.8527,77.0929,800000
Thiruvananthapuram,IN,8.4855,76.9492,788271
Rajshahi,BD,24.374,88.6011,763580
Dera Ismail Khan,PK,31.8313,70.9017,763195
Sorocaba,BR,-23.5017,-47.4581,762172
Uberlandia,BR,-18.9186,-48.2772,754954
Aligarh,IN,27.8815,78.0746,753207
Bareilly,IN,28.3668,79.4317,745435
Osasco,BR,-23.5325,-46.7917,728615
Sao Jose dos Campos,BR,-23.1794,-45.8869,727078
Evaton,ZA,-26.5333,27.85,725468
Muzaffarabad,PK,34.37,73.4708,725000
Moradabad,IN,28.8389,78.7768,721139
Warangal,IN,18.0,79.5833,704570
Battagram,PK,34.6772,73.0233,700000
Ribeirao Preto,BR,-21.1775,-47.8103,698642
Gorakhpur,IN,26.7663,83.3689,674246
Guntur,IN,16.2997,80.4573,670073
Aracaju,BR,-10.9111,-37.0717,664908
Joinville,BR,-26.3044,-48.8456,664500
Santo Andre,BR,-23.6639,-46.5383,662373
Puducherry,IN,11.9338,79.8298,657209
Amravati,IN,20.9333,77.75,647057
Bikaner,IN,28.0176,73.3149,644406
Jaboatao dos Guararapes,BR,-8.1128,-35.0147,644037
Comilla,BD,23.4619,91.185,634654
Chunian,PK,30.9662,73.9791,634236
Kochi,IN,9.9399,76.2602,633553
Bhilai,IN,21.2092,81.4285,627734
Contagem,BR,-19.9317,-44.0536,627123
Cuiaba,BR,-15.5961,-56.0967,618124
Feira de Santana,BR,-12.2667,-38.9667,616272
Cuttack,IN,20.465,85.8793,610189
Borivli,IN,19.235,72.8598,609617
Jhang Sadr,PK,31.2698,72.3169,606533
Bhavnagar,IN,21.7629,72.1533,605882
Benoni,ZA,-26.1885,28.3208,605344
Islamabad,PK,33.7215,73.0433,601600
Sangli,IN,16.8544,74.5642,601214
Jamnagar,IN,22.4729,70.0667,600943
Pokhara,NP,28.2669,83.9685,600051
Shekhupura,PK,31.7129,73.9856,591424
Londrina,BR,-23.3103,-51.1628,581382
Jammu,IN,32.7353,74.8617,576198
Gujrat,PK,32.5742,74.0754,574240
Bokaro,IN,23.6693,86.1516,564319
Sukkur,PK,27.7032,68.8589,563851
Bloemfontein,ZA,-29.1211,26.214,556637
Nanded,IN,19.1602,77.315,550564
Kozhikode,IN,11.248,75.7804,550440
Kolhapur,IN,16.6956,74.2317,549236
Porto Velho,BR,-8.7619,-63.9039,548952
Nellore,IN,14.4499,79.987,547621
Kalaburagi,IN,17.3358,76.8376,543147
Ajmer,IN,26.4521,74.6387,542321
Juiz de Fora,BR,-21.7642,-43.3503,540756
Sahiwal,PK,31.9739,72.3311,538344
Sahiwal,PK,30.6659,73.1019,538344
Ananindeua,BR,-1.3656,-48.3722,535547
Okara,PK,30.8103,73.4515,533693
Aparecida de Goiania,BR,-16.8233,-49.2439,527796
Mohammadpur,BD,24.8984,88.5284,527571
Dehradun,IN,30.3244,78.0339,522081
Erode,IN,11.3428,77.7274,521891
Serra,BR,-20.1286,-40.3078,520653
Durgapur,IN,23.5158,87.308,518872
Belford Roxo,BR,-22.7642,-43.3994,518384
Rahim Yar Khan,PK,28.4199,70.3034,517000
Ulhasnagar,IN,19.2167,73.15,516584
Loni,IN,28.7514,77.2902,516082
Siliguri,IN,26.71,88.4285,515574
Niteroi,BR,-22.8833,-43.1036,515317
Ujjain,IN,23.1824,75.7764,515215
Macapa,BR,0.0389,-51.0664,512902
Thembisa,ZA,-25.9964,28.2268,511655
Bilimora,IN,20.7696,72.9613,510879
Kasur,PK,31.1187,74.4502,510875
Florianopolis,BR,-27.5967,-48.5492,508826
Asansol,IN,23.6833,86.9833,504271
Jalalpur Pirwala,PK,29.5051,71.222,500000
Mangaluru,IN,12.9172,74.856,499487
Hathazari,BD,22.5052,91.8134,498179
Dera Ghazi Khan,PK,30.0459,70.6403,494464
Pindi Bhattian,PK,31.8984,73.2734,493222
Belagavi,IN,15.8521,74.5045,490045
Saharanpur,IN,29.9679,77.5452,484873
Vellore,IN,12.9184,79.1325,484690
Campos dos Goytacazes,BR,-21.7523,-41.3304,483540
Bhatpara,IN,22.8664,88.4011,483129
Malegaon,IN,20.5497,74.5346,481228
Sao Jose do Rio Preto,BR,-20.8197,-49.3794,480393
Caxias do Sul,BR,-29.1681,-51.1794,479599
East London,ZA,-33.0153,27.9116,478676
Modinagar,IN,28.8306,77.573,475843
Vereeniging,ZA,-26.6731,27.9261,474681
Gaya,IN,24.7969,85.0038,474093
Sao Joao de Meriti,BR,-22.8039,-43.3722,466536
Ambattur,IN,13.0982,80.1615,466205
Jalgaon,IN,21.0029,75.566,460228
Kurnool,IN,15.8289,78.036,460184
Ramgundam,IN,18.8008,79.4521,452261
Udaipur,IN,24.5858,73.7135,451100
Maheshtala,IN,22.5086,88.2532,448317
Patiala,IN,30.3362,76.3922,446246
Boksburg,ZA,-26.212,28.2596,445168
Campina Grande,BR,-7.2306,-35.8811,443911
Jundiai,BR,-23.1864,-46.8842,443221
Shyamnagar,IN,22.8333,88.3667,441956
Piracicaba,BR,-22.7253,-47.6492,440835
Montes Claros,BR,-16.735,-43.8617,437601
Davangere,IN,14.4669,75.9269,435128
Welkom,ZA,-27.9774,26.7351,431944
Akola,IN,20.7096,76.9981,428857
Tando Bago,PK,24.7891,68.9654,426535
Rajpur Sonarpur,IN,22.4382,88.4321,424368
Tando Allahyar,PK,25.4605,68.7174,421923
Barra da Tijuca,BR,-22.9983,-43.3655,421438
Boa Vista,BR,2.8197,-60.6733,419652
Rio Branco,BR,-9.9747,-67.81,419452
Korba,IN,22.3458,82.6963,419146
Santos,BR,-23.9608,-46.3336,418608
Petrolina,BR,-9.3986,-40.5008,418444
Maua,BR,-23.6678,-46.4614,418261
Jhansi,IN,25.4589,78.5799,412927
Thoothukudi,IN,8.7674,78.1342,410760
Ballari,IN,15.142,76.924,410445
Maringa,BR,-23.4253,-51.9386,409657
Newcastle,ZA,-27.758,29.9318,404838
Diadema,BR,-23.6861,-46.6228,403579
Caruaru,BR,-8.2833,-35.9761,402290
Bhagalpur,IN,25.2445,86.9718,400146
Agartala,IN,23.8361,91.2794,400004
Vitoria da Conquista,BR,-14.8661,-40.8394,396613
Vila Velha,BR,-20.3297,-40.2925,394930
Bauru,BR,-22.3147,-49.0606,392947
Carapicuiba,BR,-23.5227,-46.835,386984
Chak Jhumra,PK,31.5681,73.1832,385169
Kakinada,IN,16.9604,82.2381,384182
Betim,BR,-19.9678,-44.1983,384000
Latur,IN,18.3972,76.5678,382940
Krugersdorp,ZA,-26.0858,27.7752,378821
Panihati,IN,22.6909,88.374,378705
Shibganj,BD,25.0015,89.3227,378701
Caucaia,BR,-3.7361,-38.6531,378406
Rajamahendravaram,IN,17.0052,81.7778,376333
Cariacica,BR,-20.2639,-40.42,376200
Dhule,IN,20.9013,74.7774,375559
Rohtak,IN,28.8945,76.5892,374292
Bhawana,PK,31.5688,72.6492,373841
Rustenburg,ZA,-25.6676,27.2421,373695
Emalahleni,ZA,-25.8713,29.2332,373403
Bharatpur,NP,27.6803,84.4365,369377
Itaquaquecetuba,BR,-23.4861,-46.3483,369275
Natore,BD,24.4111,88.9867,369138
Cascavel,BR,-24.9558,-53.4553,368195
Praia Grande,BR,-24.0058,-46.4028,367400
Ahilyanagar,IN,19.0946,74.7384,367140
Kollam,IN,8.8811,76.5847,367107
Bilaspur,IN,22.08,82.1554,365579
Franca,BR,-20.5386,-47.4008,365494
Olinda,BR,-8.0089,-34.8553,364717
Larkana,PK,27.559,68.212,364033
Nawabshah,PK,26.2394,68.4037,363138
Burewala,PK,30.1667,72.65,361664
Blumenau,BR,-26.9194,-49.0661,361261
Mingora,PK,34.7795,72.3627,361112
Santarem,BR,-2.4431,-54.7083,360871
Bhilwara,IN,25.3471,74.6408,359483
Uberaba,BR,-19.7483,-47.9319,356781
Brahmapur,IN,19.3115,84.7929,356598
Sinjhoro,PK,26.0301,68.8087,354709
Muzaffarpur,IN,26.1226,85.3906,354462
Punasa,IN,22.2351,76.3933,350000
Sao Jose dos Pinhais,BR,-25.5302,-49.2084,349880
Muzaffarnagar,IN,29.4709,77.7033,349706
Ribeirao das Neves,BR,-19.7669,-44.0867,346971
Avadi,IN,13.1147,80.1098,345996
Kadapa,IN,14.48,78.8235,344893
Paulista,BR,-7.9408,-34.8731,342167
Kukatpally,IN,17.4849,78.4138,341709
Kafrul,BD,23.7882,90.3736,339734
Sao Vicente,BR,-23.9631,-46.3919,338326
Tungi,BD,23.8915,90.4023,337579
Randburg,ZA,-26.0941,28.0012,337053
Pelotas,BR,-31.77,-52.341,336150
Kamarhati,IN,22.6711,88.3747,332965
Mathura,IN,27.5035,77.6722,330511
Chanda,IN,19.9508,79.2952,328351
Canoas,BR,-29.9178,-51.1836,328291
Vijayapura,IN,16.8244,75.7154,327427
Roodepoort,ZA,-26.1625,27.8725,326416
Mogi das Cruzes,BR,-23.5228,-46.1883,325746
Bhatara,BD,23.8,90.45,324300
Shivamogga,IN,13.9316,75.5679,322650
Alwar,IN,27.5625,76.625,322568
Taubate,BR,-23.0264,-45.5553,322397
Camacari,BR,-12.6975,-38.3242,321636
Shahjanpur,IN,27.8817,79.9092,320434
Suzano,BR,-23.5425,-46.3108,320261
Anapolis,BR,-16.3267,-48.9528,319587
Junagadh,IN,21.5197,70.4598,319462
Hafizabad,PK,32.071,73.688,318621
Chiniot,PK,31.7209,72.9784,318165
New Delhi,IN,28.6214,77.2148,317797
Barueri,BR,-23.5106,-46.8761,316473
Thrissur,IN,10.5167,76.2167,315957
Vitoria,BR,-20.3194,-40.3378,312656
Nizamabad,IN,18.6715,78.0988,311152
Botshabelo,ZA,-29.2674,26.726,309714
Tumkur,IN,13.3414,77.1022,307359
Parbhani,IN,19.2686,76.7708,307170
Hisar,IN,29.1539,75.7229,307024
Firozabad,IN,27.1509,78.3978,306409
Palmas,BR,-10.1675,-48.3277,306296
Parauapebas,BR,-6.0675,-49.9022,305771
Brakpan,ZA,-26.2366,28.3694,305692
Juazeiro do Norte,BR,-7.2131,-39.3153,305531
Kulti,IN,23.7317,86.8437,305405
Karnal,IN,29.692,76.9845,302140
Barddhaman,IN,23.2557,87.8569,301725
Mardan,PK,34.1979,72.0496,300424
Gundupalaiyam,IN,11.941,79.8029,300104
Varzea Grande,BR,-15.6467,-56.1325,300078
Patan,NP,27.6766,85.3142,299283
Barasat,IN,22.7215,88.482,298127
Mulugu,IN,18.191,79.943,297671
Foz do Iguacu,BR,-25.5478,-54.5881,297352
Bihar Sharif,IN,25.2008,85.5239,297268
Bali,IN,22.6486,88.3411,296973
Rampur,IN,28.8101,79.027,296418
Darbhanga,IN,26.1522,85.8971,296039
Panipat,IN,29.3875,76.9682,295970
Sao Jose,BR,-27.6153,-48.6275,295658
Tirupati,IN,13.6355,79.4199,295323
Petropolis,BR,-22.505,-43.1786,294926
Guaruja,BR,-23.9931,-46.2564,294871
Itajai,BR,-26.9078,-48.6619,294850
Greater Noida,IN,28.4962,77.536,293908
Noida,IN,28.58,77.33,293908
Aizawl,IN,23.7289,92.7179,293416
Gandhinagar,IN,23.2167,72.6833,292797
Dindigul,IN,10.369,77.9804,292512
Ponta Grossa,BR,-25.095,-50.1619,292177
Kamoke,PK,31.9753,74.223,292023
Limeira,BR,-22.5647,-47.4017,291869
Thanjavur,IN,10.7852,79.1391,291067
Kariega,ZA,-33.7556,25.4007,291052
Karimnagar,IN,18.4392,79.1286,289821
Dewas,IN,22.9658,76.0553,289550
Sonipat,IN,28.9948,77.0194,289333
Ichalkaranji,IN,16.6912,74.4605,287353
Ceilandia,BR,-15.8091,-48.131,287023
Savar,BD,23.8486,90.25,286008
Bathinda,IN,30.2075,74.9389,285788
Jalna,IN,19.841,75.8864,285577
Sao Goncalo,BR,-22.8269,-43.0539,285439
Maraba,BR,-5.3815,-49.1323,283542
Kirari Sulemannagar,IN,28.6974,77.0648,283211
Satna,IN,24.5773,80.8272,282977
Chapeco,BR,-27.0964,-52.6183,282648
Purnia,IN,25.7789,87.4742,282248
Narsingdi,BD,23.923,90.7177,281080
Volta Redonda,BR,-22.5231,-44.1042,279971
Sumare,BR,-22.8219,-47.2669,279545
Imphal,IN,24.8081,93.9442,277196
Abbottabad,PK,34.1463,73.2117,275890
Saugor,IN,23.8388,78.7387,274556
Kushinagar,IN,26.7413,83.8869,274403
Saddiqabad,PK,28.3091,70.1265,274210
Taboao da Serra,BR,-23.6261,-46.7917,273542
Rourkela,IN,22.225,84.8641,273317
Imperatriz,BR,-5.5264,-47.4917,273110
Nagar Naluakot,BD,24.1561,90.7728,273000
Polokwane,ZA,-23.9045,29.4688,272461
Santa Maria,BR,-29.6842,-53.8069,271735
Parnamirim,BR,-5.9156,-35.2628,271713
Durg,IN,21.1915,81.2762,268806
Birganj,NP,27.0174,84.8805,268273
Mirpur Khas,PK,25.5276,69.0126,267833
Anantapur,IN,14.6778,77.6081,267161
Governador Valadares,BR,-18.8511,-41.9494,266561
Sao Carlos,BR,-22.0175,-47.8908,266427
Bagerhat,BD,22.6566,89.7912,266388
Gravatai,BR,-29.9422,-50.9928,265074
Ratlam,IN,23.3303,75.0403,264914
Mossoro,BR,-5.1875,-37.3442,264577
Macae,BR,-22.3848,-41.7832,264439
Ranipet,IN,12.9247,79.3333,264330
Brahmanbaria,BD,23.9746,91.1123,264326
Dourados,BR,-22.2211,-54.8056,264017
Rondonopolis,BR,-16.4708,-54.6356,263708
Lal Bahadur Nagar,IN,17.3477,78.5576,261987
Arrah,IN,25.5563,84.6633,261430
Skardu,PK,35.2979,75.6337,260000
Embu das Artes,BR,-23.6489,-46.8522,259788
Sao Jose de Ribamar,BR,-2.5557,-44.0599,259164
Gajuwaka,IN,17.7,83.2167,258944
Etawah,IN,26.7762,79.0213,257448
Indaiatuba,BR,-23.0884,-47.2119,256223
Juazeiro,BR,-9.4117,-40.4986,256122
Germiston,ZA,-26.215,28.164,255863
Muridke,PK,31.8026,74.2577,254291
Novo Hamburgo,BR,-29.6783,-51.1306,253841
Cox's Bazar,BD,21.4397,92.0096,253788
Cotia,BR,-23.6039,-46.9192,253608
Ambarnath,IN,19.2,73.1667,253475
Naihati,IN,22.894,88.4152,253221
Richards Bay,ZA,-28.783,32.0377,252968
Bharatpur,IN,27.2173,77.4901,252838
Begusarai,IN,25.4185,86.1339,252008
Maracanau,BR,-3.8767,-38.6256,251613
Jacarei,BR,-23.3053,-45.9658,250952
Tiruvottiyur,IN,13.1582,80.3018,249446
Gandhidham,IN,23.0833,70.1333,247992
Vanderbijlpark,ZA,-26.7117,27.8379,246754
Americana,BR,-22.7392,-47.3314,246655
Mau,IN,25.9417,83.5611,246050
Aguas Lindas de Goias,BR,-15.7619,-48.2817,245352
Shahkot,PK,31.5709,73.4853,244868
Biratnagar,NP,26.455,87.2701,244750
Sikar,IN,27.6121,75.14,244497
Mage,BR,-22.6528,-43.0406,244142
Jessore,BD,23.1697,89.2137,243987
Arapiraca,BR,-9.7525,-36.6611,243906
Ramagundam,IN,18.755,79.474,242979
Hapur,IN,28.7298,77.7807,242920
Bahawalnagar,PK,29.9983,73.2527,241873
Bahawalnagar,PK,30.5508,73.3908,241873
Rio Verde,BR,-17.7981,-50.9281,241494
Farrukhabad,IN,27.3913,79.5793,241152
Alappuzha,IN,9.49,76.3264,240991
Itapevi,BR,-23.5489,-46.9342,240961
Katihar,IN,25.5385,87.5704,240838
Itaborai,BR,-22.7444,-42.8594,240040
Sete Lagoas,BR,-19.4658,-44.2467,238909
Cabo Frio,BR,-22.8872,-42.0262,238438
Nagarpur,BD,24.0578,89.877,238422
Sri Ganganagar,IN,29.9201,73.875,237780
Marilia,BR,-22.2139,-49.9458,237627
Kunri,PK,25.1787,69.5657,237063
Sylhet,BD,24.899,91.872,237000
Paarl,ZA,-33.7338,18.9752,236910
Hortolandia,BR,-22.8583,-47.22,236641
Centurion,ZA,-25.8589,28.1858,236580
Rewa,IN,24.5326,81.2923,235654
Muzaffargarh,PK,30.0726,71.1938,235541
Uluberiya,IN,22.4756,88.099,235345
Ipatinga,BR,-19.4683,-42.5367,235311
Presidente Prudente,BR,-22.1256,-51.3889,234706
Sivakasi,IN,9.45,77.798,234704
Digri,PK,25.1566,69.111,234578
Karur,IN,10.9577,78.081,234191
Raichur,IN,16.2055,77.3557,234073
Pallavaram,IN,12.968,80.1502,233984
Ooty,IN,11.4134,76.6952,233426
Colombo,BR,-25.2917,-49.2242,232212
Viamao,BR,-30.0811,-51.0233,231996
Divinopolis,BR,-20.1436,-44.8907,231091
Pali,IN,25.7728,73.3234,230075
Hosur,IN,12.7365,77.8326,229528
Vizianagaram,IN,18.1169,83.4115,228720
Criciuma,BR,-28.6775,-49.3697,227438
Klerksdorp,ZA,-26.8521,26.6667,227039
Shrirampur,IN,22.7528,88.3422,226317
Quthbullapur,IN,17.5011,78.4582,225816
Somerset West,ZA,-34.084,18.8211,225289
Mymensingh,BD,24.7564,90.4065,225126
Nadiad,IN,22.6939,72.8616,225071
Nagercoil,IN,8.179,77.4323,224849
Mango,IN,22.8275,86.2164,223805
Sinop,BR,-11.8642,-55.5025,223780
Narayanganj,BD,23.6135,90.503,223622
Palhoca,BR,-27.6453,-48.6678,222598
Murwara,IN,23.8378,80.394,221883
Kanchipuram,IN,12.8352,79.7001,221715
Luziania,BR,-16.2525,-47.9503,221262
Singrauli,IN,24.1997,82.6753,220257
Mirzapur,IN,25.1449,82.5653,220029
Kharagpur,IN,22.3397,87.325,219665
Jacobabad,PK,28.2819,68.4376,219315
Santa Luzia,BR,-19.7697,-43.8514,219132
Samambaia,BR,-15.8823,-48.1043,218840
Valparaiso de Goias,BR,-16.0658,-47.9786,218416
Khuzdar,PK,27.8119,66.611,218112
Eluru,IN,16.7131,81.1044,218020
Yamuna Nagar,IN,30.128,77.2837,217071
Cabo de Santo Agostinho,BR,-8.2877,-35.0292,216969
Gilgit,PK,35.9187,74.3124,216760
Sobral,BR,-3.6861,-40.3497,216519
Raurkela Industrial Township,IN,22.1999,84.8618,216410
Bidar,IN,17.908,77.5152,216020
Passo Fundo,BR,-28.2628,-52.4067,214811
Gojra,PK,31.1493,72.6832,214000
Munger,IN,25.3746,86.4745,213303
Marica,BR,-22.9194,-42.8186,211986
Nandyal,IN,15.478,78.4836,211424
Panchkula,IN,30.6946,76.8504,211355
Burhanpur,IN,21.3087,76.2303,210886
Morvi,IN,22.8173,70.8377,210451
Ashuganj City,BD,24.0402,91.0117,210356
Bogra,BD,24.851,89.3711,210000
Anand,IN,22.5525,72.9552,209410
Sao Leopoldo,BR,-29.7603,-51.1472,209229
Aracatuba,BR,-21.2089,-50.4328,208415
Ongole,IN,15.5036,80.0445,208344
Dinajpur,BD,25.6274,88.6378,206234
Hosapete,IN,15.2695,76.3871,206167
Nangloi Jat,IN,28.6796,77.068,205596
Mdantsane,ZA,-32.9332,27.7766,205504
Shikarpur,PK,27.9556,68.6382,204938
Dhangadhi,NP,28.7016,80.5899,204788
Secunderabad,IN,17.5043,78.5426,204182
Nossa Senhora do Socorro,BR,-10.855,-37.1261,204081
Karnaphuli,BD,22.6906,92.2347,203697
Lauro de Freitas,BR,-12.8944,-38.3272,203331
Deoghar,IN,24.4898,86.699,203123
Chandpur,BD,23.2271,90.6543,203000
Chapra,IN,25.7803,84.7471,202352
Motijheel,BD,23.7277,90.4192,202308
Barishal,BD,22.705,90.3701,202242
Rio Claro,BR,-22.4114,-47.5614,201418
Dadu,PK,26.7303,67.7769,201017
Khandwa,IN,21.8243,76.3509,200738
Puri,IN,19.7982,85.8249,200564
Morena,IN,26.4989,77.9953,200482
Talhar,PK,24.8845,68.8144,200014
Sao Jose,BR,-28.2134,-49.1638,200000
Gyanpur,IN,25.3327,82.4664,200000
Dajal,PK,29.5577,70.3761,200000
Qadirpur Ran,PK,30.2918,71.6716,200000
Jaragua do Sul,BR,-26.4861,-49.0667,199519
Saidpur,BD,25.7777,88.8917,199422
Rio Grande,BR,-32.035,-52.0986,198935
Plano Piloto,BR,-15.7941,-47.8825,198697
Bulandshahr,IN,28.4039,77.8577,198612
Cachoeiro de Itapemirim,BR,-20.8489,-41.1128,198342
Bhind,IN,26.5667,78.7873,197585
Bhalswa Jahangirpur,IN,28.7356,77.1668,197148
Ahmadpur East,PK,29.1427,71.2577,196718
Itabuna,BR,-14.7856,-39.2803,196344
Khammam,IN,17.2477,80.1437,196283
Middelburg,ZA,-25.7751,29.4648,196263
Sambhal,IN,28.585,78.5696,196109
Bhiwani,IN,28.793,76.1397,196057
Hetauda,NP,27.4284,85.0322,195951
Hub,PK,25.0255,66.8853,195661
Janakpur,NP,26.7288,85.9263,195438
Panvel,IN,18.9888,73.1101,195373
Ambala,IN,30.361,76.7978,195153
Kumarapalayam,IN,11.445,77.711,195071
Butwal,NP,27.6912,83.4525,195054
Dhirkot,PK,34.0392,73.5769,195000
Garhi Khairo,PK,28.0572,67.979,193297
Machilipatnam,IN,16.1875,81.1389,192827
Par Naogaon,BD,24.8042,88.9488,192464
Castanhal,BR,-1.2939,-47.9264,192256
Khairpur Mir's,PK,27.5295,68.7592,191044
Mahesana,IN,23.5986,72.3847,190753
Jhelum,PK,32.9345,73.731,190425
Mahbubnagar,IN,16.7438,77.986,190400
Nova Friburgo,BR,-22.2819,-42.5311,189939
Guarapuava,BR,-25.3905,-51.4654,189630
Santa Barbara d'Oeste,BR,-22.7536,-47.4136,189456
Planaltina,BR,-15.6179,-47.6487,189412
Sambalpur,IN,21.4653,83.9757,189366
Ilheus,BR,-14.7991,-39.0323,189149
George,ZA,-33.963,22.4617,188580
Bhusawal,IN,21.0436,75.7851,187421
Alvorada,BR,-30.0002,-51.0763,187315
Pabna,BD,24.0064,89.2372,186781
Raebareli,IN,26.2309,81.2331,186433
Haridwar,IN,29.9479,78.1603,186079
Phusro,IN,23.7564,86.0051,185555
Adoni,IN,15.6279,77.275,184625
Paltan,BD,23.7362,90.4143,184492
Sujangarh,IN,27.7,74.4667,183808
Linhares,BR,-19.3911,-40.0722,183797
Araguaina,BR,-7.1911,-48.2072,183024
Porto Seguro,BR,-16.4497,-39.0647,182630
Sirsa,IN,29.5349,75.029,182534
Dinapur Nizamat,IN,25.6385,85.0512,182429
Carletonville,ZA,-26.3609,27.3977,182304
Bahraigh,IN,27.5743,81.5947,182218
Karaikkudi,IN,10.0662,78.7678,181851
Barra Mansa,BR,-22.5442,-44.1714,181679
Sultan Pur Majra,IN,28.6897,77.0765,181554
Guna,IN,24.6469,77.3113,180935
Chandannagar,IN,22.8622,88.368,180623
Baharampur,IN,24.1047,88.2515,180547
Shahuwadi,IN,16.9099,73.9465,180322
Madanapalle,IN,13.5503,78.5029,180180
Tangail,BD,24.2498,89.9166,180144
Shivpuri,IN,25.4238,77.6622,179977
Surendranagar,IN,22.7271,71.6486,179628
Ibirite,BR,-20.0219,-44.0589,179582
Ferraz de Vasconcelos,BR,-23.5408,-46.3686,179198
Neyveli,IN,11.6088,79.4994,179150
Angra dos Reis,BR,-23.0067,-44.3181,179120
Silchar,IN,24.8273,92.7979,178865
Potchefstroom,ZA,-26.7167,27.1,178285
Proddatur,IN,14.7502,78.5481,177797
Hugli,IN,22.9088,88.3967,177005
Hashtsal,IN,28.6341,77.0577,176877
Braganca Paulista,BR,-22.9527,-46.5442,176811
Teresopolis,BR,-22.4167,-42.9782,176735
Amroha,IN,28.9031,78.4698,176253
Chhindwara,IN,22.057,78.9396,175052
Itu,BR,-23.2642,-47.2992,175047
Senador Canedo,BR,-16.7081,-49.0931,175042
Tambaram,IN,12.9246,80.1271,174787
Timon,BR,-5.0942,-42.8367,174465
Bhetia,IN,22.7932,86.141,174355
Pathankot,IN,32.2748,75.6529,174306
Tando Adam,PK,25.7682,68.662,174291
Badlapur,IN,19.1552,73.2655,174226
Cuddalore,IN,11.7562,79.7669,173636
Shimla,IN,31.1044,77.1666,173503
Dharan,NP,26.8144,87.2797,173096
Gadag-Betageri,IN,15.4167,75.6167,172813
Sao Caetano do Sul,BR,-23.6231,-46.5511,172693
Pindamonhangaba,BR,-22.9239,-45.4617,172681
Gadag,IN,15.4298,75.6297,172612
Lages,BR,-27.8161,-50.3261,172458
Pocos de Caldas,BR,-21.7878,-46.5614,172339
Barreiras,BR,-12.1528,-44.99,171634
Veraval,IN,20.9077,70.3679,171121
Navsari,IN,20.9424,72.9247,171109
Bahadurgarh,IN,28.6929,76.9356,170767
Haldia,IN,22.0605,88.1098,170695
Parnaiba,BR,-2.9047,-41.7767,170491
Raiganj,IN,25.6128,88.1245,170252
Malda,IN,25.0045,88.1457,170039
Jaunpur,IN,25.7536,82.6869,169572
Deoli,IN,28.5025,77.2312,169122
Bharuch,IN,21.6948,72.9805,169007
Hoshiarpur,IN,31.5372,75.9127,168653
Araraquara,BR,-21.7944,-48.1756,168468
Hasilpur,PK,29.6922,72.5457,168146
Rio das Ostras,BR,-22.5269,-41.945,168099
Jamalpur,BD,24.9197,89.9481,167900
Jind,IN,29.3158,76.315,167592
Kumbakonam,IN,10.9621,79.3912,167155
Mohali,IN,30.68,76.7221,166864
Kamalia,PK,30.7271,72.6461,166617
Fatehpur,IN,25.9277,80.8127,166480
Nepalgunj,NP,28.05,81.6167,166258
Tonk,IN,26.1664,75.7882,165294
Francisco Morato,BR,-23.2817,-46.7453,165139
Udupi,IN,13.3347,74.7462,165000
Thenali,IN,16.2425,80.6398,164937
Mthatha,ZA,-31.5889,28.7844,164848
Sitapur,IN,27.5619,80.6826,164435
Itapetininga,BR,-23.5917,-48.0531,164256
Bhadravati,IN,13.8485,75.705,163903
Santana de Parnaiba,BR,-23.4442,-46.9178,163787
Vapi,IN,20.3717,72.9049,163630
Caxias,BR,-4.8589,-43.3561,163546
Moga,IN,30.8138,75.1688,163397
Raj-Nandgaon,IN,21.0969,81.0289,163114
Itapecerica da Serra,BR,-23.7169,-46.8492,163003
Araucaria,BR,-25.5931,-49.4103,162247
Robertsonpet,IN,12.9563,78.2754,162230
Pouso Alegre,BR,-22.23,-45.9364,162133
Unnao,IN,26.5471,80.4878,161671
Budaun,IN,28.0381,79.1267,161555
Alagoinhas,BR,-12.1356,-38.4192,161196
KwaDukuza,ZA,-29.3282,31.2895,161177
Madhyamgram,IN,22.6894,88.4459,161126
Chittoor,IN,13.2105,79.0956,160722
Toledo,BR,-24.7136,-53.7431,160701
Camaragibe,BR,-8.0217,-34.9811,160318
Mogi Guacu,BR,-22.3677,-46.9455,160318
Jamuria,IN,23.7047,87.0787,160242
Puthia,BD,24.3654,88.8343,159406
Patos de Minas,BR,-18.5789,-46.5181,159235
Jaigaon,IN,26.8477,89.3756,158664
Atibaia,BR,-23.1169,-46.5503,158647
Batala,IN,31.8092,75.2029,158621
Orai,IN,25.9902,79.4533,158265
Abaetetuba,BR,-1.7181,-48.8825,158188
Arif Wala,PK,26.3248,66.2959,157063
Westonaria,ZA,-26.3191,27.6486,156831
Saharsa,IN,25.875,86.5961,156540
Vidisha,IN,23.526,77.8109,155951
Hanumangarh,IN,29.5818,74.3294,155687
Nilopolis,BR,-22.8075,-43.4139,155500
Brusque,BR,-27.098,-48.9128,155307
Paco do Lumiar,BR,-2.5322,-44.1075,155307
Jampur,PK,29.6424,70.5952,155243
Thanesar,IN,29.9732,76.8321,155152
Hassan,IN,13.0071,76.0962,155006
Kishangarh,IN,26.5901,74.854,154886
Birendranagar,NP,28.5967,81.6166,154886
Dalupura,IN,28.6057,77.319,154791
Rudrapur,IN,28.98,79.4,154554
Nalgonda,IN,17.0544,79.2671,154326
Hazaribagh,IN,23.9924,85.3616,153595
Medinipur,IN,22.4211,87.3226,153349
Balurghat,IN,25.221,88.7773,153279
Fyzabad,IN,26.7755,82.1502,153047
Dinapore,IN,25.637,85.0479,152940
Porbandar,IN,21.6422,69.6093,152760
Wazirabad,PK,32.4432,74.12,152624
Banda,IN,25.4776,80.3349,152218
Etwatwa,ZA,-26.1252,28.4547,151866
Garanhuns,BR,-8.882,-36.5022,151803
Hindupur,IN,13.8281,77.4914,151677
Kohat,PK,33.582,71.4493,151427
Layyah,PK,30.9613,70.939,151274
Beawar,IN,26.1012,74.3203,151152
Shujaabad,PK,29.8809,71.2934,151115
Eminabad,PK,32.0424,74.26,150646
Anantnag,IN,33.7307,75.1542,150592
Serilingampalle,IN,17.4931,78.302,150525
Jaranwala,PK,31.3332,73.4187,150380
Paranagua,BR,-25.5163,-48.5254,150104
Raigarh,IN,21.8976,83.3966,150019
Vryheid,ZA,-27.7695,30.7917,150012
Malkajgiri,IN,17.4478,78.5263,150000
Tordher,PK,33.9905,72.2863,150000
Shantipur,IN,23.2472,88.433,149983
Chishtian,PK,29.7971,72.8577,149939
Santa Rita,BR,-7.1139,-34.9781,149910
Harunabad,PK,29.6121,73.138,149679
Queimados,BR,-22.7161,-43.5553,149093
Fazenda Rio Grande,BR,-25.6575,-49.3081,148873
Bhuj,IN,23.254,69.6693,148834
Barakpur,IN,22.766,88.3634,148174
Hajipur,IN,25.6854,85.2098,147688
Sasaram,IN,24.9494,84.0165,147408
Bhimavaram,IN,16.5408,81.5232,146961
Jalalpur Jattan,PK,32.6412,74.2056,146743
Beed,IN,18.9892,75.7563,146709
Burari,IN,28.7557,77.1994,146190
Krishnanagar,IN,23.4058,88.4907,145926
Chitradurga,IN,14.2226,76.4004,145853
Dibrugarh,IN,27.4799,94.9084,145488
Abohar,IN,30.1445,74.1955,145302
Tiruvannamalai,IN,12.2266,79.0746,145278
Teixeira de Freitas,BR,-17.535,-39.7419,145216
Botucatu,BR,-22.8858,-48.445,145155
Kaithal,IN,29.8015,76.3996,144915
Franco da Rocha,BR,-23.3217,-46.7269,144849
Umarkot,PK,25.3633,69.7418,144558
Lodhran,PK,29.5339,71.6324,144512
Campo Largo,BR,-25.4596,-49.5301,144504
Balasore,IN,21.4927,86.9335,144373
Pinetown,ZA,-29.8207,30.8867,144026
Godhra,IN,22.7755,73.6149,143644
Tres Lagoas,BR,-20.7876,-51.7034,143523
Ladysmith,ZA,-28.5587,29.779,143446
Shillong,IN,25.5689,91.8831,143229
Rewari,IN,28.199,76.6183,143021
Basirhat City,IN,22.6614,88.8548,143007
Teofilo Otoni,BR,-17.8575,-41.5053,142851
Moro,PK,26.6632,68.0002,142685
eMbalenhle,ZA,-26.5333,29.0667,142443
Trindade,BR,-16.6494,-49.4889,142431
Khanpur,PK,28.6474,70.6569,142426
Nawabganj,BD,24.5903,88.2744,142361
Chhatarpur,IN,24.9177,79.5887,142128
Kimberley,ZA,-28.7323,24.7623,142089
Attock City,PK,33.7667,72.3598,141945
Mandsaur,IN,24.0718,75.0699,141667
Chas,IN,23.6356,86.1671,141640
Palanpur,IN,24.1713,72.4383,141592
Cachoeirinha,BR,-29.9511,-51.0939,141503
Salto,BR,-23.2008,-47.2869,141111
Manjhand,PK,25.9083,68.2368,140766
Nigel,ZA,-26.4314,28.4771,140644
Lakhimpur,IN,27.9482,80.7793,140223
Mpumalanga,ZA,-29.8129,30.6365,140121
Mian Channun,PK,30.4407,72.3568,140112
Ji Parana,BR,-10.8853,-61.9517,140101
Valsad,IN,20.6101,72.9343,139764
Damoh,IN,23.8331,79.4419,139561
Haldwani,IN,29.2225,79.5286,139497
Gama,BR,-16.0251,-48.0712,139467
Habra,IN,22.842,88.6561,139297
Balneario Camboriu,BR,-26.9906,-48.6347,139155
Barcarena,BR,-1.5058,-48.6258,139076
Crato,BR,-7.2342,-39.4094,139027
Itapipoca,BR,-3.4944,-39.5786,138978
Conselheiro Lafaiete,BR,-20.6603,-43.7861,138946
Altamira,BR,-3.2033,-52.2064,138749
Vespasiano,BR,-19.6919,-43.9233,138583
Kolar,IN,13.1377,78.13,138462
Santa Cruz do Sul,BR,-29.7175,-52.4258,138270
Srikakulam,IN,18.2989,83.8975,137944
Araruama,BR,-22.8728,-42.3431,137906
Resende,BR,-22.4689,-44.4467,137697
Mandya,IN,12.5223,76.8975,137358
Bhisho,ZA,-32.8472,27.4422,137287
Madhurampur Dehri,IN,24.969,84.1964,137231
Kanchrapara,IN,22.96,88.4285,136954
Varginha,BR,-21.5514,-45.4303,136467
Guarapari,BR,-20.6718,-40.502,136311
Dimapur,IN,25.9117,93.7217,135860
Sasolburg,ZA,-26.8136,27.8169,135828
Araras,BR,-22.3569,-47.3842,135744
Kushtia,BD,23.9028,89.1194,135724
Maler Kotla,IN,30.5309,75.8795,135424
Itaituba,BR,-4.2761,-55.9836,135369
Siwan,IN,26.221,84.3561,135066
Apucarana,BR,-23.5508,-51.4608,134910
Kalol,IN,23.2466,72.4951,134426
Sao Mateus,BR,-18.7201,-39.8589,134423
Cameta,BR,-2.2444,-49.4958,134184
Vitoria de Santo Antao,BR,-8.1181,-35.2914,134084
Bankura,IN,23.2324,87.0716,133966
Patan,IN,23.8507,72.1296,133737
Randfontein,ZA,-26.1844,27.702,133654
Gonda City,IN,27.1318,81.9533,133583
Votorantim,BR,-23.5467,-47.4378,133510
Jau,BR,-22.2964,-48.5578,133497
Dhaulpur,IN,26.6929,77.8797,133075
Gondia,IN,21.4603,80.192,132813
Palakkad,IN,10.7732,76.6537,132728
Braganca,BR,-1.0536,-46.7656,132489
Valinhos,BR,-22.9706,-46.9958,132258
Bettiah,IN,26.8023,84.5031,132209
Maijdi,BD,22.8667,91.1,132185
Sao Felix do Xingu,BR,-6.6447,-51.995,132138
Sapucaia do Sul,BR,-29.8178,-51.1455,132107
Palwal,IN,28.1447,77.3255,131926
Bhakkar,PK,31.6269,71.0647,131658
Raniganj,IN,23.6164,87.1306,131261
Etah,IN,27.5588,78.6569,131023
Pilibhit,IN,28.6312,79.8044,131008
Narowal,PK,32.102,74.873,130692
Rajapalayam,IN,9.453,77.5533,130442
Botad,IN,22.1692,71.6667,130327
Chaman,PK,30.9177,66.4526,130139
Nankana Sahib,PK,31.4501,73.7065,130041
Sonargaon,BD,23.65,90.6167,130000
Mandi Bahauddin,PK,32.587,73.4912,129733
Deoria,IN,26.5017,83.7794,129570
Mianwali,PK,32.5776,71.5285,129500
Sabara,BR,-19.8864,-43.8067,129380
Colatina,BR,-19.5394,-40.6306,129301
Tatui,BR,-23.3556,-47.8569,129130
Daur,PK,26.4553,68.3183,128958
Satkhira,BD,22.7082,89.0718,128918
Nimach,IN,24.4595,74.8662,128561
Aguas Claras,BR,-15.8397,-48.0267,128486
Khardah,IN,22.7186,88.3781,128346
Yavatmal,IN,20.3932,78.132,128175
Halisahar,IN,22.9322,88.4186,128172
Khanna,IN,30.7055,76.222,128137
Bento Goncalves,BR,-29.1714,-51.5192,127977
Titagarh,IN,22.7425,88.3733,127751
Worcester,ZA,-33.6465,19.4485,127597
Sirajganj,BD,24.4577,89.708,127481
Jequie,BR,-13.8588,-40.0851,127475
Barretos,BR,-20.5572,-48.5678,126957
Sertaozinho,BR,-21.1378,-47.9903,126887
Hathras,IN,27.5955,78.052,126882
Shakargarh,PK,32.2636,75.1601,126742
Jorhat,IN,26.7575,94.2031,126736
Pakpattan,PK,30.3431,73.3894,126706
Lalitpur,IN,24.6901,78.4192,126475
Guntakal,IN,15.1711,77.3624,126270
Pithampur,IN,22.602,75.6965,126200
Mothihari,IN,26.6486,84.9166,126158
Guara,BR,-15.8098,-47.972,125703
Kanhangad,IN,12.3081,75.1063,125564
Jagdalpur,IN,19.0814,82.0213,125463
Mailsi,PK,29.8012,72.174,125431
Ntuzuma,ZA,-29.739,30.949,125394
Barbacena,BR,-21.2258,-43.7736,125317
Dokri,PK,27.3742,68.0971,125000
Jagadhri,IN,30.1672,77.3037,124894
Arapongas,BR,-23.4194,-51.4244,124838
Sorriso,BR,-12.5453,-55.7114,124665
New Mirpur City,PK,33.1478,73.7519,124352
Itaguai,BR,-22.8522,-43.7753,123980
Darjiling,IN,27.0333,88.2667,123797
Kurichchi,IN,10.9609,76.9738,123667
Caraguatatuba,BR,-23.6203,-45.4131,123389
Birigui,BR,-21.2886,-50.34,123340
Toba Tek Singh,PK,30.9713,72.4827,123102
Umuarama,BR,-23.7664,-53.325,123059
Igarassu,BR,-7.8342,-34.9064,123017
Dam Dam,IN,22.6334,88.4229,122719
Hardoi,IN,27.3949,80.1316,122635
Itatiba,BR,-23.0058,-46.8389,122581
Puruliya,IN,23.3306,86.363,122533
Virginia,ZA,-28.1039,26.8659,122502
Brits,ZA,-25.6347,27.7802,122497
Haveli Lakha,PK,30.451,73.6937,122389
Dharmavaram,IN,14.4144,77.7203,121874
Bhadreswar,IN,22.8245,88.3384,121662
Nagaon,IN,26.35,92.6667,121628
Vejalpur,IN,22.6902,73.563,121610
Alberton,ZA,-26.2679,28.1223,121536
Chikmagalur,IN,13.3223,75.774,121484
Bhadrak,IN,21.0545,86.5156,121338
Bage,BR,-31.3314,-54.1069,121335
Sawai Madhopur,IN,26.023,76.3441,121106
Ambikapur,IN,23.1189,83.1954,121071
Eunapolis,BR,-16.3775,-39.5803,121067
Nova Lima,BR,-19.9856,-43.8467,120959
Uruguaiana,BR,-29.7547,-57.0883,120819
Shahdad Kot,PK,27.8473,67.9068,120687
Mandoli,IN,28.7028,77.31,120417
Satara,IN,17.6859,73.9933,120195
Charsadda,PK,34.1482,71.7406,120170
Churu,IN,28.3041,74.9672,120157
Gangapur,IN,26.4725,76.7174,120115
Madhyapur Thimi,NP,27.6806,85.3875,119955
Ghotki,PK,28.0044,69.3157,119879
Almirante Tamandare,BR,-25.3247,-49.31,119825
Sambrial,PK,32.4783,74.3534,119571
Marituba,BR,-1.3553,-48.3419,119437
Paulo Afonso,BR,-9.4061,-38.2147,119418
Catanduva,BR,-21.1378,-48.9728,119275
Madhavaram,IN,13.1482,80.2314,119105
Dohad,IN,22.8328,74.2599,118846
Santana,BR,-0.0382,-51.1748,118803
Araxa,BR,-19.5933,-46.9406,118786
Piraquara,BR,-25.4423,-49.068,118730
Barshi,IN,18.2345,75.6928,118722
Queenstown,ZA,-31.8976,26.8753,118599
Adilabad,IN,19.672,78.5359,118526
Jhunjhunun,IN,28.1256,75.398,118473
Sarandi,BR,-23.4436,-51.8739,118455
Jetpur,IN,21.7548,70.6235,118302
Uppal Kalan,IN,17.4058,78.5591,118259
Sao Lourenco da Mata,BR,-8.0022,-35.0183,118258
Gudivada,IN,16.4355,80.9955,118167
Itabira,BR,-19.6192,-43.2269,118053
Jandira,BR,-23.5275,-46.9025,118045
Guaratingueta,BR,-22.8164,-45.1925,118044
Baran,IN,25.1,76.5167,117992
Narmadapuram,IN,22.7475,77.7274,117988
Amreli,IN,21.5998,71.2117,117967
Araguari,BR,-18.6472,-48.1872,117808
Pudukkottai,IN,10.3813,78.8214,117630
Narasaraopet,IN,16.2349,80.0493,117489
Badin,PK,24.656,68.837,117455
Camboriu,BR,-27.0253,-48.6544,117324
Kroonstad,ZA,-27.6504,27.2349,117152
Rishra,IN,22.7239,88.3456,117014
Pinhais,BR,-25.4447,-49.1925,117000
Passos,BR,-20.7189,-46.6097,116951
Baripada,IN,21.9346,86.7285,116849
Muktsar,IN,30.4743,74.5166,116747
Tubarao,BR,-28.4667,-49.0069,116725
Azamgarh,IN,26.0683,83.1836,116644
Santa Maria,BR,-16.031,-48.0293,116622
Barnala,IN,30.3745,75.5487,116449
Yelahanka,IN,13.1007,77.5963,116447
Chittorgarh,IN,24.8896,74.624,116406
Tinsukia,IN,27.489,95.3599,116322
Khargone,IN,21.8229,75.6139,116150
Breves,BR,-1.6822,-50.4803,116058
Formosa,BR,-15.5372,-47.3344,115901
Sao Goncalo do Amarante,BR,-5.7933,-35.3294,115838
Varzea Paulista,BR,-23.2114,-46.8283,115771
Taunsa,PK,30.7036,70.6505,115704
Ribeirao Pires,BR,-23.7106,-46.4133,115559
Recanto das Emas,BR,-15.9086,-48.0645,115550
Baidyabati,IN,22.785,88.3259,115504
Tucurui,BR,-3.7658,-49.6792,115144
Basti,IN,26.7882,82.7162,115115
Cubatao,BR,-23.895,-46.4253,114870
Nova Serrana,BR,-19.8761,-44.9836,114791
Gangavati,IN,15.4313,76.5293,114642
Ambur,IN,12.7916,78.7164,114608
Tangara da Serra,BR,-14.6194,-57.4858,114603
Simoes Filho,BR,-12.7844,-38.4039,114559
Giridih,IN,24.1862,86.3088,114533
Phool Nagar,PK,31.2024,73.9486,114530
Tungipara,BD,22.8998,89.9033,114482
Catalao,BR,-18.1658,-47.9464,114427
Tando Muhammad Khan,PK,25.1238,68.5368,114406
Somaroboro,ZA,-25.346,28.8343,114369
Codo,BR,-4.4553,-43.8856,114275
Itacoatiara,BR,-3.1431,-58.4442,113917
Wardha,IN,20.7393,78.5978,113759
Pattoki,PK,31.0202,73.8533,113735
Shahdadpur,PK,25.9254,68.6228,113342
Itumbiara,BR,-18.4192,-49.2153,113322
Jauharabad,PK,32.2902,72.2818,113188
Hammanskraal,ZA,-25.4089,28.287,112950
Vihari,PK,30.0445,72.3556,112840
Tadepalligudem,IN,16.8147,81.5272,112655
Chanduasi,IN,28.4518,78.7828,112635
Bagaha,IN,27.0992,84.09,112634
Itanhaem,BR,-24.1831,-46.7889,112476
Achalpur,IN,21.2567,77.5101,112311
Planaltina,BR,-15.4528,-47.6142,112304
Gondal,IN,21.9607,70.8025,112197
Chichawatni,PK,30.5301,72.6916,112191
Faridpur,BD,23.6061,89.8406,112187
Dharashiv,IN,18.1816,76.0389,112085
Port Blair,IN,11.6661,92.7464,112050
Bagalkot,IN,16.1867,75.6961,111933
Manacapuru,BR,-3.2997,-60.6206,111751
Suriapet,IN,17.1405,79.6205,111729
Bangaon,IN,23.0455,88.8308,111693
Ashoknagar Kalyangarh,IN,22.8642,88.637,111475
Deesa,IN,24.2561,72.1793,111160
Navadwip,IN,23.4067,88.3686,111123
Nandurbar,IN,21.3667,74.2405,111037
Mabopane,ZA,-25.509,28.064,110972
Cambe,BR,-23.2758,-51.2783,110923
Lavras,BR,-21.2453,-44.9997,110682
Sao Pedro da Aldeia,BR,-22.8392,-42.1028,110677
Acailandia,BR,-4.9467,-47.5047,110611
Paulinia,BR,-22.7611,-47.1542,110537
Sultanpur,IN,26.2579,82.0727,110368
Delhi Cantonment,IN,28.6,77.1333,110351
Firozpur,IN,30.9257,74.6131,110313
Mbombela,ZA,-25.4751,30.9693,110159
Orkney,ZA,-26.9802,26.6727,110052
Santo Antonio de Jesus,BR,-12.9689,-39.2614,109791
Vilhena,BR,-12.7406,-60.1458,109651
Pandit Deen Dayal Upadhyaya Nagar,IN,25.2831,83.1197,109650
Phalaborwa,ZA,-23.943,31.1411,109468
Sehore,IN,23.2,77.0833,109118
Coronel Fabriciano,BR,-19.5186,-42.6289,108708
Maranguape,BR,-3.8908,-38.6856,108622
Kanpur Cantonment,IN,26.4594,80.3751,108534
Bansbaria,IN,22.9539,88.401,108474
Muriae,BR,-21.1306,-42.3664,108447
Tadpatri,IN,14.9083,78.0103,108171
Luis Eduardo Magalhaes,BR,-12.0909,-45.785,107909
Jalpaiguri,IN,26.5167,88.7333,107832
Bacabal,BR,-4.2325,-44.7816,107755
Novo Gama,BR,-16.0592,-48.0394,107663
Uba,BR,-21.12,-42.9428,107423
Sherpur,BD,25.0188,90.0175,107419
Itaperuna,BR,-21.205,-41.8878,107246
Mangalagiri,IN,16.4308,80.5682,107197
Thohoyandou,ZA,-22.9456,30.485,107144
Dera Murad Jamali,PK,28.5466,68.2231,106952
Ituiutaba,BR,-18.9743,-49.4621,106775
Kotri,PK,25.3657,68.3083,106615
Ranebennur,IN,14.6224,75.6295,106406
Rangamati,BD,22.6432,92.1919,106069
Tokoza,ZA,-26.36,28.129,106000
Balsas,BR,-7.5325,-46.0356,105974
Khurja,IN,28.2538,77.8554,105909
Kishanganj,IN,26.1022,87.9553,105782
Jatai,BR,-17.8794,-51.7217,105729
Ipojuca,BR,-8.3989,-35.0639,105638
Paragominas,BR,-2.9956,-47.3549,105550
Ponnani,IN,10.7669,75.9252,105512
Bhairab Bazar,BD,24.0524,90.9764,105457
Hindaun,IN,26.7341,77.0352,105452
Jamalpur,IN,25.3126,86.4889,105434
Nagaur,IN,27.202,73.7339,105218
Riacho Fundo II,BR,-15.8981,-48.0467,105210
Ambala Sadar,IN,30.3354,76.8627,104974
Bhiwadi,IN,28.2102,76.8606,104921
Bundi,IN,25.4385,75.6373,104919
Miryalaguda,IN,16.8722,79.5625,104918
Assis,BR,-22.6617,-50.4122,104858
Santa Cruz do Capibaribe,BR,-7.9575,-36.2047,104854
Abreu e Lima,BR,-7.9117,-34.9028,104248
Kot Addu,PK,30.4691,70.967,104217
Campo Mourao,BR,-24.0431,-52.3793,104122
Soyibug,IN,34.0768,74.7057,104000
Ourinhos,BR,-22.9789,-49.8706,103970
Jagtial,IN,18.7947,78.9166,103930
Roorkee,IN,29.8663,77.8912,103894
Poa,BR,-23.5281,-46.3447,103765
Sangla Hill,PK,31.7167,73.3833,103709
Udgir,IN,18.3926,77.1176,103550
Nagda,IN,23.4583,75.4176,103501
Itabaiana,BR,-10.685,-37.4253,103440
Betul,IN,21.9006,77.9023,103330
Jahanabad,IN,25.2137,84.9871,103202
Kashipur,IN,29.214,78.9569,103138
Ghazipur,IN,25.5833,83.5853,103095
Kharian,PK,32.8161,73.887,103036
Amaravati,IN,16.514,80.516,103000
Lahan,NP,26.7202,86.4826,102955
Nagapattinam,IN,10.7638,79.8431,102905
Buxar,IN,25.5755,83.9804,102861
Khushab,PK,32.2967,72.3525,102793
Caieiras,BR,-23.3642,-46.7406,102775
Pasrur,PK,32.2629,74.6633,102717
Pano Aqil,PK,27.8562,69.1111,102701
Shahzadpur,BD,24.1769,89.5988,102420
Mormugao,IN,15.3891,73.8149,102345
Seoni,IN,22.085,79.5504,102343
Shabqadar,PK,34.216,71.5548,102340
Francisco Beltrao,BR,-26.0811,-53.055,102312
Aurangabad,IN,24.752,84.3742,102244
Japeri,BR,-22.6431,-43.6533,102171
Kot Radha Kishan,PK,31.1707,74.1013,102057
Mairipora,BR,-23.3186,-46.5867,101937
Parintins,BR,-2.6283,-56.7358,101855
Hinganghat,IN,20.5487,78.8398,101805
Dhamtari,IN,20.7072,81.5487,101677
Lagarto,BR,-10.9172,-37.65,101579
Leme,BR,-22.1856,-47.3903,101537
Chilakalurupet,IN,16.0899,80.1671,101398
Malappuram,IN,11.042,76.0815,101386
Sao Cristovao,BR,-11.0147,-37.2064,101213
Chakwal,PK,32.9329,72.8539,101200
Standerton,ZA,-26.9337,29.2415,101101
Mokopane,ZA,-24.1944,29.0097,101090
Banswara,IN,23.5411,74.4425,101017
Chirmiri,IN,23.1907,82.3531,100800
Barra do Pirai,BR,-22.47,-43.8256,100764
Itarsi,IN,22.6148,77.7622,100574
Votuporanga,BR,-20.4228,-49.9728,100568
Vasco da Gama,IN,15.3958,73.8157,100485
Ermelo,ZA,-26.5333,29.9833,100324
Gangtok,IN,27.3257,88.6122,100286
Datia,IN,25.6731,78.4591,100284
Phagwara,IN,31.2245,75.7739,100146
Cacapava,BR,-23.1008,-45.7069,100071
Renala Khurd,PK,30.8788,73.5986,100054
Airoli,IN,19.151,72.9963,100000
Model Town,PK,31.481,74.3256,100000
Raja Jang,PK,31.2208,74.2548,100000
Luckeesarai,IN,25.1765,86.0947,99979
Dipalpur,PK,30.6698,73.6531,99858
Shikohabad,IN,27.108,78.5866,99678
Kasganj,IN,27.8088,78.6458,99462
Qubo Saeed Khan,PK,27.8744,67.7089,99308
Khambhat,IN,22.3174,72.6192,99164
Kandhkot,PK,28.2457,69.1797,99155
Bhola,BD,22.6876,90.644,99079
Kohima,IN,25.6747,94.111,99039
Pandharpur,IN,17.6792,75.331,98923
Kapurthala Town,IN,31.3801,75.3811,98916
Corumba,BR,-19.0092,-57.6533,98751
Thimphu,BT,27.4661,89.6419,98676
Caldas Novas,BR,-17.7443,-48.6279,98622
Sao Sebastiao,BR,-15.9029,-47.7761,98612
Ponta Pora,BR,-22.5361,-55.7256,98598
Mahuva,IN,21.0901,71.769,98519
Silvassa,IN,20.2739,72.9967,98265
Guaiba,BR,-30.1139,-51.325,98239
Balangir,IN,20.7042,83.4903,98238
Iguatu,BR,-6.3594,-39.2986,98064
Nawada,IN,24.8867,85.5436,98029
Bhilai Charoda,IN,21.2231,81.4561,98008
Shamli,IN,29.4497,77.3096,97966
Valenca,BR,-13.3703,-39.0731,97873
Jharsuguda,IN,21.8553,84.007,97730
Itauna,BR,-20.0753,-44.5764,97669
Sadatpur Gujran,IN,28.7283,77.2482,97641
Chalisgaon,IN,20.4578,75.016,97551
Rio Largo,BR,-9.4783,-35.8533,97435
Villupuram,IN,11.9398,79.4924,97380
Amalner,IN,21.0398,75.0589,97369
Swabi,PK,34.1202,72.4698,97363
Bayeux,BR,-7.125,-34.9322,97203
Tellicherry,IN,11.7481,75.4929,97201
Para de Minas,BR,-19.8603,-44.6083,97139
Manjeri,IN,11.1202,76.12,97102
Dijkot,PK,31.2173,72.9962,96934
Ariquemes,BR,-9.9133,-63.0408,96833
Khurarianwala,PK,31.4994,73.2676,96743
Azimpur,BD,23.7298,90.3854,96641
Stellenbosch,ZA,-33.9346,18.8668,96228
Barmer,IN,25.7457,71.3921,96225
Erechim,BR,-27.6346,-52.2754,96087
Puth Kalan,IN,28.7116,77.0789,96002
Kuniyamuttur,IN,10.9638,76.9525,95924
Sardarshahr,IN,28.4406,74.491,95911
Sahibganj,IN,25.2443,87.6348,95890
Sanand,IN,22.9923,72.3818,95890
Paramagudi,IN,9.5463,78.5907,95579
Zerakpur,IN,30.6562,76.8209,95553
Paranavai,BR,-23.0731,-52.4653,95525
Tiruchengode,IN,11.3802,77.8944,95335
Closepet,IN,12.7218,77.2815,95167
Emmiganur,IN,15.772,77.4835,95149
Vaniyambadi,IN,12.6816,78.6201,95061
Kovilpatti,IN,9.1717,77.8699,95057
Kutloanong,ZA,-27.8333,26.75,95008
Parli Vaijnath,IN,18.8506,76.5316,94863
Aracruz,BR,-19.8203,-40.2733,94765
Mainpuri,IN,27.2286,79.0288,94619
Khamgaon,IN,20.7074,76.5683,94604
Makrana,IN,27.0436,74.7245,94487
Sao Joao del Rei,BR,-21.1356,-44.2617,94468
Allinagaram,IN,10.0274,77.4781,94453
Paracatu,BR,-17.2222,-46.8747,94023
Gudiyatham,IN,12.946,78.8738,93973
Dhar,IN,22.5937,75.2977,93917
Gambat,PK,27.3517,68.5215,93884
Mogi Mirim,BR,-22.4319,-46.9578,93650
Lajeado,BR,-29.4669,-51.9614,93646
Baraut,IN,29.102,77.2633,93544
Kalyani,IN,22.9757,88.4337,93184
Stilfontein,ZA,-26.8449,26.7683,93110
Doddaballapura,IN,13.2945,77.5378,93105
Itajuba,BR,-22.4256,-45.4528,93073
Qonce,ZA,-32.8808,27.3938,93072
Chirala,IN,15.8239,80.3522,92942
Avare,BR,-23.0986,-48.9258,92805
Cajamar,BR,-23.3561,-46.8769,92689
Akot,IN,21.0963,77.0588,92637
Fatehpur,IN,27.9949,74.9563,92595
Patos,BR,-7.0244,-37.28,92575
Gharroli,IN,28.6167,77.3321,92540
Gravata,BR,-8.2011,-35.5647,92429
Rajpura,IN,30.4786,76.5928,92301
Lucas do Rio Verde,BR,-13.0713,-55.9148,92256
Serra Talhada,BR,-7.9919,-38.2983,92228
Rohri,PK,27.692,68.895,92135
Delmas,ZA,-26.1466,28.6832,92046
Kot Kapura,IN,30.5806,74.8261,91979
Kabirwala,PK,30.4047,71.8627,91932
Manhuacu,BR,-20.2581,-42.0336,91886
Bhandara,IN,21.1682,79.6488,91845
Ubatuba,BR,-23.4339,-45.0711,91824
Sao Joao da Boa Vista,BR,-21.9692,-46.7981,91771
Cidade Ocidental,BR,-16.1097,-47.9326,91767
Grahamstown,ZA,-33.3042,26.5328,91548
Patrocinio,BR,-18.9439,-46.9925,91449
Molarband,IN,28.5029,77.3144,91402
Bagaha,IN,24.529,85.0602,91383
Rayachoti,IN,14.0572,78.7506,91234
Aruja,BR,-23.3961,-46.3208,91157
Bethlehem,ZA,-28.2308,28.3071,91075
Ga-Rankuwa,ZA,-25.6169,27.9947,90945
Kunjah,PK,32.5298,73.9749,90905
Kishorganj,BD,24.4394,90.7829,90690
Caratinga,BR,-19.7897,-42.1392,90687
Saquarema,BR,-22.8989,-42.4699,90583
Araripina,BR,-7.5761,-40.4983,90504
Kadayanallur,IN,9.0728,77.3415,90364
Valparai,IN,10.3269,76.9512,90353
Bela Bela,ZA,-24.8833,28.2833,90210
Pollachi,IN,10.6583,77.0085,90180
Daharki,PK,28.0536,69.7025,90177
Kavali,IN,14.9163,79.9945,90099
Roha,IN,18.4369,73.1196,90000
Mancherial,IN,18.8707,79.4286,89935
Dinga,PK,32.641,73.7204,89922
Itapeva,BR,-23.9822,-48.8756,89728
Caceres,BR,-16.0706,-57.6789,89681
Avaniyapuram,IN,9.8818,78.1125,89635
Muradnagar,IN,28.7807,77.4986,89482
Ankleshwar,IN,21.6324,72.99,89457
Kadiri,IN,14.1117,78.1598,89429
Shahdol,IN,23.2936,81.3619,89289
Shrirampur,IN,19.622,74.657,89282
Mahoba,IN,25.2905,79.8753,89170
Lorena,BR,-22.7308,-45.1247,89125
Cruzeiro do Sul,BR,-7.6276,-72.6776,89072
Bibir Hat,BD,22.6835,91.7906,89030
Ramgarh,IN,23.6303,85.5216,88781
Habiganj,BD,24.3804,91.413,88760
Contai,IN,21.7798,87.7489,88702
Sangrur,IN,30.2451,75.8449,88615
Thul,PK,28.2403,68.7755,88554
Barra do Corda,BR,-5.5056,-45.2433,88492
Nirmal,IN,19.0968,78.3441,88433
Bhimdatta,NP,28.964,80.1771,88381
Quixada,BR,-4.9714,-39.0153,88321
Deoband,IN,29.695,77.6796,88171
Neyyattinkara,IN,8.3985,77.0859,88104
Tanda,IN,26.5495,82.6584,88073
Nowshera Kalan,PK,34.0191,71.9745,88003
Kolar,IN,23.1648,77.4189,87882
Jhumri Telaiya,IN,24.4349,85.5295,87867
Aruppukkottai,IN,9.5096,78.0959,87722
Faridkot,IN,30.674,74.7558,87695
Madgaon,IN,15.275,73.9579,87650
Gurupi,BR,-11.7292,-49.0686,87545
Velampalaiyam,IN,11.1376,77.3106,87427
Midrand,ZA,-25.976,28.118,87387
Jamui,IN,24.9261,86.2253,87357
Anjar,IN,23.1132,70.0267,87183
Paralakhemundi,IN,18.7762,84.095,87152
Jharia,IN,23.7408,86.4146,86938
Louis Trichardt,ZA,-23.0438,29.9032,86854
Karaikal,IN,10.9167,79.8333,86838
Kamthi,IN,21.2161,79.1973,86793
Hansi,IN,29.1024,75.9625,86770
Mayiladuthurai,IN,11.1035,79.655,86660
Anakapalle,IN,17.6913,83.004,86519
Navegantes,BR,-26.8989,-48.6542,86401
Maduravoyal,IN,13.0675,80.1632,86195
Sarni,IN,22.1032,78.1716,86141
Dausa,IN,26.89,76.3358,85960
Coari,BR,-4.085,-63.1414,85910
Cacoal,BR,-11.4386,-61.4472,85893
Paradip Garh,IN,20.3164,86.6085,85868
Heidelberg,ZA,-26.5048,28.3592,85858
Esmeraldas,BR,-19.7625,-44.3139,85598
Redencao,BR,-8.0286,-50.0314,85563
Goiana,BR,-7.5606,-35.0025,85160
Hingoli,IN,19.7146,77.1424,85103
Santa Ines,BR,-3.6667,-45.38,85014
Unai,BR,-16.3575,-46.9061,84930
Guanambi,BR,-14.2233,-42.7814,84928
Baruni,IN,25.4751,85.9681,84888
Jeypore,IN,18.8563,82.5716,84830
Madaripur,BD,23.171,90.2094,84789
Ijui,BR,-28.3878,-53.9147,84780
Pato Branco,BR,-26.2286,-52.6706,84779
Seropedica,BR,-22.7439,-43.7075,84737
Bijnor,IN,29.373,78.1364,84593
Dhoraji,IN,21.7336,70.45,84545
Virappanchathiram,IN,11.3531,77.7125,84453
Dundee,ZA,-28.1668,30.2337,84413
Piet Retief,ZA,-27.0071,30.8132,84349
Balaghat,IN,21.8156,80.1885,84261
Phuthaditjhaba,ZA,-28.5242,28.8158,84258
Belo Jardim,BR,-8.3356,-36.4242,84033
Feni,BD,23.0144,91.3966,84028
Udhampur,IN,32.9243,75.1357,84015
Najibabad,IN,29.6119,78.3427,84006
Idaiyarpalaiyam,IN,11.0394,76.9237,83908
Cianorte,BR,-23.6633,-52.605,83816
Pinheiro,BR,-2.5214,-45.0825,83777
Joao Monlevade,BR,-19.81,-43.1736,83360
Sao Bento do Sul,BR,-26.2503,-49.3786,83277
Harihar,IN,14.5129,75.8072,83219
Chilla Soroda Bangar,IN,28.5957,77.3019,83217
Carpina,BR,-7.8508,-35.2547,83205
Fort Abbas,PK,29.1934,72.8552,83192
Sirsilla,IN,18.3886,78.8105,83186
Moju,BR,-1.8839,-48.7689,83182
Picos,BR,-7.0769,-41.4669,83090
Karauli,IN,26.4983,77.0276,82960
Mansa,IN,29.9884,75.4017,82956
Botafogo,BR,-22.9509,-43.1823,82890
Sobradinho II,BR,-15.6336,-47.8348,82785
Atlantis,ZA,-33.5667,18.4834,82736
Jacobina,BR,-11.1814,-40.5137,82590
Cruzeiro,BR,-22.5732,-44.9711,82571
Jangipur,IN,24.47,88.0766,82548
Arcoverde,BR,-8.4189,-37.0539,82487
Laksham,BD,23.2402,91.1214,82290
Gobindgarh,IN,30.6709,76.3019,82266
Quixeramobim,BR,-5.1992,-39.2928,82177
Tres Rios,BR,-22.1167,-43.2092,82142
Ishwardi,BD,24.1286,89.0657,81995
Ratodero,PK,27.8023,68.289,81935
Saunda,IN,23.6645,85.3269,81915
Maraimalainagar,IN,12.7978,80.025,81872
Ashoknagar,IN,24.5758,77.7312,81828
Macaiba,BR,-5.8583,-35.3539,81821
Phulwari Sharif,IN,25.5776,85.0725,81740
Mhow,IN,22.5589,75.7654,81702
Sao Sebastiao,BR,-23.76,-45.4097,81595
Timoteo,BR,-19.5811,-42.6495,81579
Pacatuba,BR,-3.9842,-38.6203,81524
Malout,IN,30.2112,74.4818,81406
Kadi,IN,23.2991,72.3336,81404
Sarishabari,BD,24.7513,89.8313,81325
Fatehjang,PK,33.5649,72.6428,81321
Lagoa Santa,BR,-19.6301,-43.9009,81299
Vijalpor,IN,20.9221,72.9095,81245
Palakollu,IN,16.5167,81.73,81199
Himatnagar,IN,23.5989,72.966,81137
Dholka,IN,22.7273,72.4413,80945
Kotkapura,IN,30.5819,74.833,80741
Curvelo,BR,-18.7564,-44.4308,80665
Bargarh,IN,21.3335,83.6191,80625
Kharghar,IN,19.0498,73.0702,80612
Agua Rasa,BR,-20.4333,-45.1667,80484
Serrinha,BR,-11.6642,-39.0075,80435
Kairana,IN,29.3954,77.2054,80432
Brajarajnagar,IN,21.8167,83.9167,80403
Kamareddi,IN,18.32,78.3418,80315
Palwancha,IN,17.5815,80.6765,80199
Chapadinha,BR,-3.7417,-43.3603,80195
Alahabad,PK,30.877,74.0552,80084
Cachoeira do Sul,BR,-30.0392,-52.8939,80070
Manmad,IN,20.2533,74.4376,80058
Srikalahasti,IN,13.7551,79.7014,80056
Tres Coracoes,BR,-21.6969,-45.2533,80032
Khewra,PK,32.6491,73.0106,80000
Kottagudem,IN,17.5511,80.6178,79819
Telemaco Borba,BR,-24.3239,-50.6156,79792
Sao Roque,BR,-23.5292,-47.1353,79484
Talagang,PK,32.9277,72.4159,79431
Senhor do Bonfim,BR,-10.4614,-40.1894,79424
Cacador,BR,-26.7753,-51.015,79313
Kahna Nau,PK,31.3671,74.369,79301
Tefe,BR,-3.3684,-64.7205,79278
Nawabganj,IN,26.9313,81.1984,79246
Gokak,IN,16.169,74.8239,79121
Ceara-Mirim,BR,-5.6344,-35.4256,79115
Tikamgarh,IN,24.7433,78.8306,79106
Arakkonam,IN,13.0845,79.6705,79080
Matao,BR,-21.6033,-48.3658,79033
Araria,IN,26.1493,87.5132,79021
Netrakona,BD,24.8835,90.729,79016
Alfenas,BR,-21.4292,-45.9472,78970
Mossel Bay,ZA,-34.1831,22.146,78940
Russas,BR,-4.9403,-37.9758,78882
Koch Bihar,IN,26.3254,89.4451,78737
Kharakvasla,IN,18.44,73.7755,78684
Bhadohi,IN,25.3953,82.5703,78568
Lins,BR,-21.6786,-49.7425,78503
Katoya,IN,23.6456,88.1326,78408
Medininagar,IN,24.0397,84.0658,78396
Washim,IN,20.1113,77.133,78387
Bagbera,IN,22.7595,86.1905,78356
Savarkundla,IN,21.3373,71.3035,78354
Basoda,IN,23.8515,77.9365,78289
Tanuku,IN,16.7544,81.6814,77962
Gurdaspur,IN,32.0393,75.4032,77928
Ouro Preto,BR,-20.3948,-43.5052,77914
Edattala,IN,10.0564,76.3845,77811
Jardim Botanico,BR,-15.8653,-47.8148,77767
Jaboticabal,BR,-21.2547,-48.3222,77652
Campo Limpo Paulista,BR,-23.2055,-46.7838,77632
Bodhan,IN,18.6621,77.8858,77573
Santo Angelo,BR,-28.2992,-54.2631,77568
Santa Rosa,BR,-27.8708,-54.4814,77519
Kambar,PK,27.5875,68.0007,77481
Balrampur,IN,27.4295,82.1855,77396
Baramula,IN,34.209,74.3428,77276
Caninde,BR,-4.3589,-39.3117,77244
Karwar,IN,14.8136,74.1297,77139
Mafikeng,ZA,-25.8652,25.6442,77110
Dhulian,IN,24.6813,87.9535,77070
Rabkavi-Banhatti,IN,16.47,75.12,77004
Zahir Pir,PK,28.8128,70.5234,76979
Mawana,IN,29.1029,77.922,76973
Shirpur,IN,21.3482,74.8804,76905
Pirassununga,BR,-21.9961,-47.4258,76877
Valenca,BR,-22.2456,-43.7003,76869
Budge Budge,IN,22.4827,88.1818,76837
Kundla,IN,21.3422,71.3063,76809
Itapetinga,BR,-15.2489,-40.2478,76795
Visnagar,IN,23.6986,72.5521,76753
Kannauj,IN,27.0552,79.9188,76714
Khajoori Khas,IN,28.7096,77.2587,76640
Neelankarai,IN,12.9495,80.2592,76600
Nagina,IN,29.4443,78.4365,76593
Vinhedo,BR,-23.0297,-46.9753,76540
Tiangua,BR,-3.7322,-40.9917,76537
Badagara,IN,11.5978,75.5814,76493
Fazilka,IN,30.4021,74.0284,76492
Hujra Shah Muqim,PK,30.7417,73.8233,76462
Vicosa,BR,-20.7539,-42.8819,76430
Bebedouro,BR,-20.9494,-48.4792,76373
Odendaalsrus,ZA,-27.8739,26.6907,76371
Electronic City Phase I,IN,12.8549,77.6633,76348
Sant'Ana do Livramento,BR,-30.8908,-55.5328,76321
Ratnagiri,IN,16.9915,73.3102,76229
Keshod,IN,21.3033,70.2486,76193
Esteio,BR,-29.8614,-51.1792,76137
Konnagar,IN,22.7051,88.3445,76082
Chintamani,IN,13.4005,78.0517,76068
Paharpur,PK,32.105,70.9706,76027
Itapema,BR,-27.0903,-48.6114,75940
Sindhnur,IN,15.7698,76.7558,75837
Santo Antonio do Descoberto,BR,-15.9397,-48.255,75829
Rolandia,BR,-23.3097,-51.3692,75818
Madhubani,IN,26.3537,86.0717,75736
Turbat,PK,26.0012,63.0485,75694
Bodinayakkanur,IN,10.0117,77.3498,75680
Khadki,IN,18.5635,73.8521,75654
Sapiranga,BR,-29.6381,-51.0069,75613
Ibiuna,BR,-23.6564,-47.2225,75605
Dhrangadhra,IN,22.9917,71.4679,75578
Tezpur,IN,26.6333,92.8,75540
Srivilliputhur,IN,9.5127,77.6337,75396
Benipur,IN,26.0551,86.1456,75317
Paloncha,IN,17.6018,80.7051,75224
Concordia,BR,-27.2342,-52.0278,75167
Crateus,BR,-5.1777,-40.6695,75159
Jaora,IN,23.6378,75.1271,74907
Topi,PK,34.0703,72.6215,74867
Tura,IN,25.5142,90.2024,74858
Gudur,IN,14.1509,79.8521,74851
Bhalwal,PK,32.2658,72.8981,74744
Mirpur Mathelo,PK,28.0214,69.5491,74651
Narnaul,IN,28.0444,76.1083,74581
Sunamganj,BD,25.0689,91.4024,74570
Irece,BR,-11.3042,-41.8558,74507
Balotra,IN,25.8324,72.24,74496
Kharar,IN,30.7463,76.6469,74460
Yadgir,IN,16.7701,77.1376,74294
Harda,IN,22.3441,77.0954,74268
Pilkhua,IN,28.7127,77.656,74212
Eusebio,BR,-3.89,-38.4506,74170
Ambajogai,IN,18.7331,76.3862,74114
Kapas Herd,IN,28.5261,77.084,74073
Oriximina,BR,-1.7656,-55.8661,74016
Bela,IN,25.9206,81.9963,73992
Sarai Alamgir,PK,32.9049,73.7552,73967
Rabkavi,IN,16.4757,75.1106,73835
Goianesia,BR,-15.3175,-49.1175,73707
Oudtshoorn,ZA,-33.6005,22.1995,73694
Bawana,IN,28.7982,77.0343,73680
Shahabad,IN,27.6431,79.9402,73606
Virudhachalam,IN,11.515,79.3282,73585
Chandpur,IN,29.1349,78.2719,73555
Bat Khela,PK,34.6178,71.9725,73525
Cosmopolis,BR,-22.6458,-47.1961,73474
Kasipalaiyam,IN,11.3198,77.7097,73425
Viana,BR,-20.3903,-40.4961,73423
Sikandarabad,IN,28.4523,77.7,73379
Virudunagar,IN,9.5851,77.9579,73273
Pacajus,BR,-4.1725,-38.4606,73188
Pattukkottai,IN,10.4236,79.3195,73135
Joypur Hat,BD,25.1015,89.0273,73068
Gaspar,BR,-26.9314,-48.9589,73053
Pusad,IN,19.9127,77.5784,73046
Alegrete,BR,-29.7831,-55.7919,73028
Bethal,ZA,-26.4579,29.4655,72821
Tindivanam,IN,12.234,79.6555,72796
Chopda,IN,21.2458,75.2995,72783
Thaba Nchu,ZA,-29.2093,26.839,72721
Tailandia,BR,-2.9472,-48.9531,72493
Taliparamba,IN,12.0416,75.3593,72465
Candeias,BR,-12.6678,-38.5506,72382
Sangareddi,IN,17.6248,78.0867,72344
Palghar,IN,19.6969,72.7654,72335
Dharapuram,IN,10.7383,77.5322,72291
Sobradinho,BR,-15.6471,-47.7931,72273
Cascavel,BR,-4.1331,-38.2419,72232
Payyanur,IN,12.0935,75.2025,72111
Casa Nova,BR,-9.1742,-40.9751,72086
Sakrand,PK,26.1384,68.2744,72040
Itapira,BR,-22.4361,-46.8217,72022
Rio do Sul,BR,-27.2142,-49.6431,72006
Sheopur,IN,25.6647,76.6962,71951
Channapatna,IN,12.6514,77.2067,71942
Bothaville,ZA,-27.3887,26.617,71934
Ararangua,BR,-28.9357,-49.4954,71922
Koyilandy,IN,11.4381,75.6931,71873
Santa Isabel do Para,BR,-1.2986,-48.1606,71837
Castro,BR,-24.7893,-50.0123,71809
Sao Sebastiao do Paraiso,BR,-20.9169,-46.9914,71796
Faridpur,IN,28.21,79.5415,71783
Tando Jam,PK,25.4281,68.5292,71760
Manikganj,BD,23.8577,90.0096,71698
Barauni,IN,25.4709,85.976,71660
Campo Formoso,BR,-10.5075,-40.3214,71487
Dias d'Avila,BR,-12.6125,-38.2969,71485
Triyuga,NP,26.7919,86.699,71405
Upington,ZA,-28.4478,21.2561,71373
Krishnagiri,IN,12.5192,78.2138,71323
Parys,ZA,-26.9033,27.4573,71319
Sopur,IN,34.2867,74.4723,71292
Rayagada,IN,19.1713,83.4143,71208
Fernandopolis,BR,-20.2839,-50.2464,71186
Zahirabad,IN,17.6814,77.6074,71166
Khopoli,IN,18.7856,73.3459,71141
Ratangarh,IN,28.0814,74.6185,71124
Thakurgaon,BD,26.031,88.4699,71096
Hala,PK,25.8146,68.422,71094
Markapur,IN,15.7353,79.2685,71092
Bolpur,IN,23.6628,87.697,70998
Panjim,IN,15.4957,73.8262,70991
Ranaghat,IN,23.1762,88.5667,70984
Horizonte,BR,-4.098,-38.486,70983
Indaial,BR,-26.8978,-49.2317,70900
Gwadar,PK,25.1216,62.3254,70852
Bapatla,IN,15.9042,80.4674,70777
Fatehabad,IN,29.5153,75.4555,70777
Beypore,IN,11.1715,75.8061,70751
Janauba,BR,-15.8025,-43.3089,70699
Koppal,IN,15.3452,76.1548,70698
Badvel,IN,14.7451,79.0629,70626
Dadri,IN,28.5526,77.554,70609
Thenkasi,IN,8.96,77.3153,70545
Suratgarh,IN,29.3215,73.8998,70536
Auraiya,IN,26.4652,79.5092,70508
Palani,IN,10.4503,77.5209,70467
Capanema,BR,-1.1958,-47.1808,70394
Farroupilha,BR,-29.225,-51.3478,70286
Brumado,BR,-14.2036,-41.6653,70268
Schweizer-Reneke,ZA,-27.1887,25.3293,70214
Nallur,IN,11.1003,77.3914,70115
Inaruwa,NP,26.6068,87.1478,70093
Mineiros,BR,-17.5694,-52.5511,70081
Grajau,BR,-5.8194,-46.1386,70065
Rabwah,PK,31.7551,72.914,70000
Chamrajnagar,IN,11.9231,76.9395,69875
Mithepur,IN,28.4974,77.3186,69837
Rajbiraj,NP,26.5397,86.748,69803
Mangrol,IN,21.1227,70.1148,69779
Kahror Pakka,PK,29.6243,71.9144,69743
Basavakalyan,IN,17.8744,76.9497,69717
Pul Pehlad,IN,28.4994,77.291,69657
Chaibasa,IN,22.5504,85.8025,69565
Biguacu,BR,-27.4942,-48.6556,69486
Tripunittura,IN,9.9428,76.3333,69390
Gujar Khan,PK,33.2541,73.3043,69374
Chuhar Kana,PK,31.75,73.8,69321
Shajapur,IN,23.4264,76.2777,69263
Mettupalayam,IN,11.2997,76.9348,69213
Sunam,IN,30.1288,75.7994,69069
Bhawanipatna,IN,19.9072,83.167,69045
Ziauddin Pur,IN,28.7087,77.2765,68993
Lencois Paulista,BR,-22.5986,-48.8003,68990
Jamkhandi,IN,16.5046,75.2915,68938
Basmat,IN,19.3287,77.1575,68846
Taj Pul,IN,28.4948,77.3059,68796
Cabedelo,BR,-6.9811,-34.8339,68767
Venancio Aires,BR,-29.6064,-52.1919,68763
Itapecuru Mirim,BR,-3.3925,-44.3586,68723
Knysna,ZA,-34.0363,23.0471,68659
Kayamkulam,IN,9.1817,76.5009,68634
Darya Khan,PK,31.7845,71.102,68622
Dharmapuri,IN,12.1277,78.1579,68619
Ouricuri,BR,-7.8825,-40.0817,68489
Bisalpur,IN,28.2925,79.8047,68355
Peruibe,BR,-24.32,-46.9983,68352
Ico,BR,-6.4011,-38.8622,68303
Saldanha,ZA,-33.0117,17.9442,68284
Formiga,BR,-20.4644,-45.4264,68248
Attili,IN,16.7,81.6,68196
Cumbum,IN,9.7365,77.2847,68090
Amparo,BR,-22.7011,-46.7644,68008
Munnar,IN,10.0882,77.0624,68000
Panipat Taraf Makhdum Zadgan,IN,29.4161,76.9883,67998
Nabha,IN,30.3758,76.1529,67972
Bihat,IN,25.4253,86.0208,67952
Barberton,ZA,-25.7884,31.0532,67927
Samastipur,IN,25.8622,85.7795,67925
Karanja,IN,20.4827,77.4886,67907
Conceicao do Coite,BR,-11.5639,-39.2828,67825
Sitamarhi,IN,26.5936,85.4906,67818
Rajsamand,IN,25.0714,73.8798,67798
Malkapur,IN,20.8855,76.1993,67740
Mococa,BR,-21.4678,-47.0047,67681
Palang,BD,23.2182,90.3508,67652
Modasa,IN,23.4625,73.2986,67648
Banepa,NP,27.6327,85.522,67629
Jaisalmer,IN,26.9176,70.9039,67604
Tome-Acu,BR,-2.4189,-48.1522,67585
Shorkot,PK,31.9102,70.8776,67439
Buldana,IN,20.5293,76.1846,67431
Dhenkanal,IN,20.6574,85.5969,67414
Urun-Islampur,IN,17.05,74.2667,67391
Gopalganj,IN,26.4673,84.4404,67339
Breu Branco,BR,-4.0009,-49.5068,67332
Bongaigaon,IN,26.477,90.5581,67322
Sangamner,IN,19.5678,74.2115,67309
Sousa,BR,-6.7592,-38.2281,67259
Tabatinga,BR,-4.2312,-69.9386,67182
Minchinabad,PK,30.1636,73.5686,67164
Haveri,IN,14.7935,75.4045,67102
Mannargudi,IN,10.6663,79.4506,66999
Embu-Guacu,BR,-23.8322,-46.8114,66970
Jhalawar,IN,24.5963,76.165,66919
Tarn Taran,IN,31.4519,74.9278,66847
Siddipet,IN,18.1048,78.8486,66737
Bellampalli,IN,19.0558,79.493,66660
Barbil,IN,22.1019,85.3775,66540
Koratla,IN,18.8215,78.7119,66504
Mansehra,PK,34.3302,73.1968,66486
Camaqua,BR,-30.8511,-51.8122,66478
Rishikesh,IN,30.1078,78.2926,66390
Goyerkata,IN,26.6998,89.0256,66358
Cataguases,BR,-21.3892,-42.6967,66261
Mandamarri,IN,18.9651,79.4748,66176
Puliyankudi,IN,9.1749,77.398,66034
Salgueiro,BR,-8.0742,-39.1192,65946
Lichtenburg,ZA,-26.152,26.1597,65863
Palasa,IN,18.7726,84.4101,65833
Uniao dos Palmares,BR,-9.1628,-36.0319,65790
Gohana,IN,29.1378,76.7025,65708
Pulivendla,IN,14.4214,78.225,65706
Chengalpattu,IN,12.6918,79.9766,65689
Ipixuna do Para,BR,-2.5578,-47.495,65625
Wadgaon Kolhati,IN,19.8431,75.236,65620
Barreirinhas,BR,-2.7556,-42.8259,65589
Ladnun,IN,27.6531,74.3999,65575
Tupa,BR,-21.9347,-50.5136,65570
Bom Jesus da Lapa,BR,-13.255,-43.4181,65550
Coroata,BR,-4.13,-44.1242,65544
Basirpur,PK,30.5776,73.8391,65541
Supaul,IN,26.1153,86.5951,65437
Itapoa,BR,-15.7494,-47.7686,65408
Gangarampur,IN,25.4014,88.5298,65316
Ramanathapuram,IN,9.3716,78.8308,65314
Jagraon,IN,30.7878,75.4739,65305
Sinnar,IN,19.8451,73.9987,65299
Kopargaon,IN,19.8824,74.4761,65273
Alipur Duar,IN,26.4835,89.5229,65232
Lala Musa,PK,32.7014,73.9575,65197
Januaria,BR,-15.4795,-44.3652,65150
Lalmonirhat,BD,25.9172,89.4459,65127
Aquiraz,BR,-3.9014,-38.3911,65116
Tandur,IN,17.2485,77.577,65115
Estancia,BR,-11.2683,-37.4383,65078
Maues,BR,-3.3836,-57.7186,65040
Bezerros,BR,-8.2333,-35.7969,65007
Patuakhali,BD,22.3683,90.3458,65000
Igarape Miri,BR,-1.975,-48.9597,64831
Tongaat,ZA,-29.5737,31.1155,64829
Khatauli,IN,29.2784,77.733,64731
Bertioga,BR,-23.8544,-46.1386,64723
Viraraghavapuram,IN,13.0731,80.1078,64698
Siuri,IN,23.9081,87.5277,64659
Raipur,BD,23.0391,90.7681,64652
Itaberaba,BR,-12.5275,-40.3069,64646
Usta Muhammad,PK,28.1772,68.0437,64632
Bina,IN,24.1716,78.1876,64529
Palitana,IN,21.5252,71.8231,64497
Itamaraju,BR,-17.0392,-39.5311,64455
Chaumu,IN,27.1696,75.7223,64417
Montenegro,BR,-29.6886,-51.4611,64322
Halol,IN,22.5032,73.4724,64265
Kodar,IN,16.9985,79.9656,64234
Bangarda Chhota,IN,22.7435,75.8145,64213
Vacaria,BR,-28.5122,-50.9339,64197
Tadepalle,IN,16.4833,80.6,64149
Tirupattur,IN,12.4924,78.568,64125
Surubim,BR,-7.8331,-35.7547,64120
Sibi,PK,29.543,67.8773,64069
Chinnachowk,IN,14.4752,78.8354,64053
Bishnupur,IN,23.0738,87.3199,64041
Amur,IN,18.7928,78.2767,64023
Baheri,IN,28.7742,79.4974,63953
Nawalgarh,IN,27.8516,75.2738,63948
Paranoa,BR,-15.7755,-47.7812,63923
Anaiyur,IN,9.9615,78.1118,63917
Camocim,BR,-2.9022,-40.8411,63907
Kunnamkulam,IN,10.6467,76.067,63903
Raghogarh,IN,24.4432,77.1977,63873
Tohana,IN,29.7133,75.9044,63871
Pindi Gheb,PK,33.2409,72.2648,63810
Piripiri,BR,-4.2733,-41.7769,63787
Jatani,IN,20.1597,85.7074,63697
Arni,IN,12.6677,79.2853,63671
Chik Ballapur,IN,13.4351,77.7279,63652
Capao da Canoa,BR,-29.7456,-50.0097,63594
Benevides,BR,-1.3614,-48.2447,63567
Dhubri,IN,26.0186,89.9856,63388
Borsad,IN,22.4079,72.8982,63377
Siddharthanagar,NP,27.5,83.45,63367
Cajazeiras,BR,-6.8903,-38.5553,63239
Gadwal,IN,16.235,77.7956,63177
Acarau,BR,-2.8856,-40.12,63104
Piduguralla,IN,16.4793,79.8863,63103
Portel,BR,-1.9356,-50.8211,62945
Sheikhpura,IN,25.1399,85.841,62927
Graaff Reinet,ZA,-32.2522,24.5308,62896
Campo Bom,BR,-29.6789,-51.0533,62886
Sirsi,IN,14.6207,74.8355,62882
Nipani,IN,16.399,74.3829,62865
Kannur,IN,11.8675,75.3576,62836
Pesqueira,BR,-8.3578,-36.6964,62722
Bari,IN,26.6466,77.6163,62721
Nokha,IN,27.5616,73.4714,62699
Pedro Leopoldo,BR,-19.6181,-44.0431,62580
Vinukonda,IN,16.0531,79.7396,62550
Phalia,PK,32.431,73.579,62453
Fochville,ZA,-26.4886,27.4939,62416
Renukut,IN,24.2164,83.0358,62413
Marechal Deodoro,BR,-9.7103,-35.895,62341
Dom Eliseu,BR,-4.285,-47.505,62322
Carazinho,BR,-28.2839,-52.7864,62265
Nagari,IN,13.3214,79.5856,62253
Escada,BR,-8.3592,-35.2236,62174
Boituva,BR,-23.2833,-47.6722,62170
Chidambaram,IN,11.3993,79.6914,62153
Dabwali,IN,29.9491,74.7383,62113
Sibsagar,IN,26.9843,94.6378,62104
Narwana,IN,29.599,76.1193,62090
Okha,IN,22.4676,69.07,62052
Floriano,BR,-6.7669,-43.0225,62036
Sanghar,PK,26.0469,68.9492,62033
Nova Odessa,BR,-22.7775,-47.2958,62019
Nani Daman,IN,20.4143,72.8324,62000
Kuchaman,IN,27.1474,74.8565,61969
Nimbahera,IN,24.6217,74.68,61949
Siddhapur,IN,23.9178,72.3721,61867
Sao Miguel dos Campos,BR,-9.7811,-36.0936,61797
Diphu,IN,25.8434,93.4312,61797
Attur,IN,11.5941,78.6014,61793
Kokstad,ZA,-30.5472,29.4241,61751
Rayadrug,IN,14.6997,76.8524,61749
Morada Nova,BR,-5.1067,-38.3725,61738
Rath,IN,25.5947,79.5666,61728
Lakshmipur,BD,22.9443,90.83,61703
Penapolis,BR,-21.4197,-50.0775,61679
Extremoz,BR,-5.7056,-35.3072,61635
Cheruvannur,IN,11.1903,75.8283,61614
Faqirwali,PK,29.468,73.0349,61586
Vriddhachalam,IN,11.5183,79.3241,61498
Barh,IN,25.4834,85.7093,61470
Euclides da Cunha,BR,-10.5075,-39.0158,61456
Vicosa do Ceara,BR,-3.5622,-41.0922,61410
Mariana,BR,-20.3778,-43.4161,61387
Shahada,IN,21.5454,74.4711,61376
Dabra,IN,25.8857,78.3322,61277
Barbalha,BR,-7.3111,-39.3042,61228
Caico,BR,-6.4583,-37.0978,61146
Barra do Garcas,BR,-15.89,-52.2567,61135
Udumalaippettai,IN,10.5881,77.2478,61133
Tiptur,IN,13.2563,76.4777,60957
Sahaswan,IN,28.0723,78.7508,60953
Wanparti,IN,16.3674,78.0689,60949
Sirhind,IN,30.6432,76.3842,60847
Bardoli,IN,21.123,73.1115,60821
Monte Mor,BR,-22.9467,-47.3158,60754
Yazman,PK,29.1212,71.7446,60738
Mokameh,IN,25.3966,85.9219,60678
Arambagh,IN,22.8833,87.7833,60639
Poonamalle,IN,13.0489,80.1149,60607
Ibitinga,BR,-21.7578,-48.8289,60600
Keonjhargarh,IN,21.6318,85.5969,60590
Bhadravati,IN,20.1001,79.1144,60565
Novo Repartimento,BR,-4.3306,-49.7964,60438
Cruz das Almas,BR,-12.67,-39.1019,60348
Panruti,IN,11.7766,79.5527,60323
Mirassol,BR,-20.8192,-49.5211,60303
Ilkal,IN,15.9592,76.1135,60242
Kiratpur,IN,29.5067,78.2061,60223
Cristalina,BR,-16.7677,-47.6153,60210
Vrindavan,IN,27.5811,77.6966,60195
Kodungallur,IN,10.2326,76.1951,60190
Penedo,BR,-10.2903,-36.5864,60189
Nedumangad,IN,8.6027,77.0014,60161
Santo Amaro,BR,-12.5467,-38.7119,60131
Sao Borja,BR,-28.6606,-56.0044,60019
Bangaon,IN,25.8673,86.5115,60000
Faruka,PK,31.8864,72.4136,60000
Narsimhapur,IN,22.9494,79.1836,59966
Ponnur,IN,16.0711,80.5494,59913
Limoeiro do Norte,BR,-5.1456,-38.0981,59890
Kathua,IN,32.3694,75.5254,59866
Jacunda,BR,-4.447,-49.1156,59842
North Lakhimpur,IN,27.2352,94.1036,59841
Masaurhi Buzurg,IN,25.3542,85.0319,59803
Nerkunram,IN,13.0619,80.2094,59790
Shegaon,IN,20.7932,76.6992,59672
Mandideep,IN,23.0817,77.5333,59654
Sao Miguel do Guama,BR,-1.6267,-47.4833,59632
Pachora,IN,20.6673,75.353,59609
Gobichettipalayam,IN,11.455,77.4422,59523
Gangoh,IN,29.78,77.2635,59519
Itanagar,IN,27.0869,93.6099,59490
Ipira,BR,-12.1583,-39.7372,59435
Tutoia,BR,-2.7619,-42.2744,59398
Kurkali Sindh Pakistan,PK,25.9412,68.8177,59387
Jaitpur,IN,28.5065,77.3298,59330
Narasapur,IN,16.4342,81.6984,59306
Cachoeiras de Macacu,BR,-22.4625,-42.6531,59303
Dhone,IN,15.3952,77.8715,59272
Irati,BR,-25.4672,-50.6511,59250
Rajgarh,IN,28.642,75.3861,59193
Ullal,IN,12.8057,74.8606,59116
Rio Bonito,BR,-22.7086,-42.6097,59113
Panna,IN,24.7209,80.1877,59091
Taua,BR,-6.0031,-40.2928,59062
Acara,BR,-1.9608,-48.1967,59023
Gola Gokarannath,IN,28.0784,80.4705,58986
Juruti,BR,-2.1522,-56.0922,58960
Gohad,IN,26.4328,78.442,58939
Cruz Alta,BR,-28.644,-53.6063,58913
Wani,IN,20.0551,78.9531,58840
Thiruvarur,IN,10.7727,79.6368,58777
Upleta,IN,21.7401,70.2826,58775
Jaguariuna,BR,-22.7056,-46.9858,58722
Viseu,BR,-1.1967,-46.14,58692
Nuzvid,IN,16.7885,80.8459,58590
Frutal,BR,-20.0247,-48.9406,58588
Lonavla,IN,18.7527,73.4057,58562
Una,IN,20.8232,71.0379,58528
Sao Gabriel,BR,-30.3364,-54.32,58487
Fort Beaufort,ZA,-32.7748,26.6338,58419
Batatais,BR,-20.8911,-47.585,58402
Sillod,IN,20.303,75.6528,58230
Monte Alegre,BR,-2.0008,-54.081,58162
Ekangala,ZA,-25.668,28.73,58099
Sira,IN,13.7416,76.9043,57928
Uniao da Vitoria,BR,-26.23,-51.0864,57913
Kraaifontein,ZA,-33.8481,18.7172,57911
Chikhli,IN,20.3505,76.2577,57889
Jhargram,IN,22.4538,86.995,57796
Ponte Nova,BR,-20.4164,-42.9086,57776
Moreno,BR,-8.1186,-35.0922,57654
Mongagua,BR,-24.0931,-46.6208,57648
Santa Luzia,BR,-3.9633,-45.6583,57635
Taquara,BR,-29.6506,-50.7806,57584
Kagaznagar,IN,19.3316,79.466,57583
Bhatapara,IN,21.735,81.9471,57537
Kasibugga,IN,18.7593,84.4161,57507
Guarabira,BR,-6.8547,-35.49,57484
Hasanpur,IN,28.7225,78.2844,57481
Maulavi Bazar,BD,24.4889,91.7708,57441
Lohardaga,IN,23.4331,84.6799,57411
Manicore,BR,-5.8092,-61.3003,57405
Taquaritinga,BR,-21.4061,-48.5047,57364
Jahangirabad,IN,28.4055,78.1059,57363
Sherkot,IN,29.327,78.5743,57361
Katras,IN,23.7975,86.2983,57349
Coruripe,BR,-10.1256,-36.1756,57294
Macherla,IN,16.4764,79.4353,57290
Naksalbari,IN,26.6827,88.22,57283
Sankarankovil,IN,9.1705,77.5411,57277
Mulbagal,IN,13.1635,78.3935,57276
Icara,BR,-28.7133,-49.3,57247
Kandukur,IN,15.2154,79.9039,57246
Tiruvalla,IN,9.3816,76.5749,57223
Roshanpura,IN,28.6006,76.9892,57217
Andradas,BR,-22.0681,-46.5692,57202
Andradina,BR,-20.8961,-51.3794,57202
Ponnuru,IN,16.0655,80.552,57170
Vargem Grande,BR,-3.5431,-43.9158,57168
Chitral,PK,35.8518,71.7864,57157
Kollegal,IN,12.1545,77.1105,57149
Mukandpur,IN,28.7394,77.1831,57135
Unjha,IN,23.8037,72.391,57108
Alenquer,BR,-1.9417,-54.7383,57092
Chhibramau,IN,27.1487,79.5008,57071
Tilhar,IN,27.9628,79.7383,57043
Lunglei,IN,22.8925,92.7422,57011
Jahangira,PK,33.9642,72.221,57011
Hoskote,IN,13.0707,77.7981,56980
Haripur,PK,33.9978,72.9349,56977
Byasanagar,IN,20.9557,86.1264,56946
Tres Pontas,BR,-21.3667,-45.5125,56940
Bada Barabil,IN,22.1119,85.3868,56870
Samalkot,IN,17.0568,82.1764,56864
Karimganj,IN,24.8692,92.3554,56854
Bobbili,IN,18.5737,83.3593,56819
Mettur,IN,11.788,77.8008,56743
Sattenapalle,IN,16.3938,80.1522,56721
Paudalho,BR,-7.8967,-35.1797,56665
Jamrud,PK,34.0015,71.3801,56642
Pirapora,BR,-17.345,-44.9419,56640
Tirurangadi,IN,11.0432,75.9234,56632
Mafra,BR,-26.1114,-49.8053,56561
Tennala,IN,10.9934,75.935,56546
Chakradharpur,IN,22.6761,85.6289,56531
Limoeiro,BR,-7.8747,-35.4503,56510
Capitao Poco,BR,-1.7464,-47.0594,56506
Porto Ferreira,BR,-21.8539,-47.4792,56504
Acu,BR,-5.5767,-36.9086,56496
Sendhwa,IN,21.6856,75.0962,56485
Sao Francisco,BR,-15.9486,-44.8644,56477
Palmares,BR,-8.6833,-35.5917,56475
Talegaon Dabhade,IN,18.735,73.6756,56435
Hiriyur,IN,13.9445,76.6172,56416
Rolim de Moura,BR,-11.8036,-61.8033,56406
Registro,BR,-24.4875,-47.8436,56393
Anjangaon,IN,21.1652,77.3091,56380
Cangucu,BR,-31.395,-52.6756,56370
Charkhi Dadri,IN,28.5917,76.2716,56337
Ujhani,IN,28.0031,79.0082,56309
Trairi,BR,-3.2778,-39.2689,56291
Bankra,IN,22.6029,88.2775,56273
Dabhoi,IN,22.1833,73.4333,56253
Teghra,IN,25.4904,85.94,56234
Humaita,BR,-7.5165,-63.0311,56144
Hermanus,ZA,-34.4187,19.2345,56139
Obra,IN,24.4186,82.988,56110
Tiruvallur,IN,13.1438,79.9089,56074
Mandapeta,IN,16.8625,81.9292,56063
Tirur,IN,10.9137,75.9212,56058
Ropar,IN,30.969,76.5269,56038
Namakkal,IN,11.2213,78.1652,55997
Arcot,IN,12.9057,79.319,55955
Laharpur,IN,27.7083,80.9026,55911
Vryburg,ZA,-26.9566,24.7284,55879
Viramgam,IN,23.1256,72.0501,55821
Islampur,IN,26.2654,88.1898,55691
Navirai,BR,-23.065,-54.1906,55689
Karad,IN,17.2894,74.1818,55663
Yanam,IN,16.7331,82.2136,55626
Abu Road,IN,24.4801,72.7819,55599
Brazlandia,BR,-15.6794,-48.1967,55561
Wellington,ZA,-33.6398,19.0112,55543
Piedade,BR,-23.7119,-47.4278,55542
Raxaul,IN,26.9798,84.8507,55536
Moonniyur,IN,11.0597,75.9031,55535
Barwani,IN,22.0323,74.8998,55504
Buriticupu,BR,-4.3212,-46.4547,55499
Videira,BR,-27.0083,-51.1517,55466
Kottayam,IN,9.5869,76.5213,55374
Tiruttangal,IN,9.4833,77.8333,55362
Artur Nogueira,BR,-22.5731,-47.1725,55340
Petlad,IN,22.4768,72.7999,55330
Jalaun,IN,26.1451,79.3366,55299
Periya Semur,IN,11.3609,77.6895,55282
Ramganj,BD,23.1006,90.8499,55241
Madhupur,IN,24.2742,86.6393,55238
Dhuri,IN,30.3685,75.8679,55225
Challakere,IN,14.318,76.6517,55194
Etawa,IN,24.1835,78.2029,55185
Chiplun,IN,17.5334,73.5093,55139
Mandla,IN,22.5988,80.3712,55133
Olimpia,BR,-20.7372,-48.9147,55130
Sao Jose do Rio Pardo,BR,-21.5956,-46.8886,55124
Narail,BD,23.1551,89.4951,55112
Bhimunipatnam,IN,17.8902,83.452,55082
Sharifabad,PK,33.4341,73.3628,55027
Canoinhas,BR,-26.1772,-50.39,55016
Mawlai-Mawiong,IN,25.6232,91.8817,55012
Kavanur,IN,12.9962,80.0751,54986
Granja,BR,-3.1203,-40.8261,54962
Viljoenskroon,ZA,-27.2084,26.9486,54955
Pithapuram,IN,17.1168,82.2528,54859
Kandi,IN,23.9595,88.0402,54848
Idappadi,IN,11.5862,77.8389,54823
Sahibabad Daulotpur,IN,28.7471,77.1146,54773
Punganuru,IN,13.3667,78.5719,54746
Jaguaquara,BR,-13.5306,-39.9708,54673
Ghatal,IN,22.6624,87.734,54658
Boa Viagem,BR,-5.1275,-39.7322,54577
Sagar,IN,14.165,75.029,54550
Sihor,IN,21.7113,71.9618,54547
Mundka,IN,28.6801,77.0298,54541
Deglur,IN,18.5483,77.5769,54493
Acopiara,BR,-6.0953,-39.4525,54481
Madhepura,IN,25.9213,86.7927,54472
Bandarban,BD,22.1953,92.2195,54450
Pirojpur,BD,22.5797,89.9752,54418
Baramati,IN,18.1517,74.5777,54415
Mahasamund,IN,21.1074,82.0948,54413
Bom Despacho,BR,-19.7364,-45.2522,54377
Sidhi,IN,24.4038,81.8795,54331
Guapimirim,BR,-22.5372,-42.9819,54300
Durbanville,ZA,-33.8308,18.6486,54286
Dullewala,PK,31.8344,71.4364,54277
Pir Jo Goth,PK,27.5918,68.6185,54266
Campo Belo,BR,-20.8972,-45.2772,54186
Kasaragod,IN,12.4984,74.9896,54172
Garhchiroli,IN,20.1806,80.0052,54152
Puttur,IN,13.4419,79.5531,54092
Jalor,IN,25.3456,72.6156,54081
Samana,IN,30.1539,76.1985,54072
Razampeta,IN,14.1954,79.159,54050
Wari,IN,21.1531,79.0076,54048
Kwaggafontein,ZA,-25.3273,28.9422,54040
Shella,IN,25.1786,91.6395,54039
Palmaner,IN,13.2,78.7472,54035
Deolali,IN,19.944,73.8344,54027
Kanakapura,IN,12.5465,77.4201,54014
Wokha,IN,26.0972,94.2582,54010
Umred,IN,20.854,79.3247,53971
Kalna,IN,23.2194,88.3629,53964
Ribeira do Pombal,BR,-10.8344,-38.5358,53956
Beberibe,BR,-4.1797,-38.1306,53949
Lagoa da Prata,BR,-20.0225,-45.5436,53927
Barra,BR,-11.0894,-43.1417,53910
Mondlo,ZA,-27.983,30.7177,53892
Pallichal,IN,8.4498,77.0257,53861
Tandoni,IN,10.9261,78.0941,53854
Parvatipuram,IN,18.7839,83.4257,53844
Kotharia,IN,22.2344,70.819,53794
Ottapalam,IN,10.7735,76.3776,53792
Didwana,IN,27.401,74.5754,53749
Begampur,IN,28.7265,77.0669,53682
Gaddi Annaram,IN,17.3669,78.5242,53622
Dumraon,IN,25.5526,84.1515,53618
Nerupperichchal,IN,11.161,77.374,53579
Jaggaiahpet,IN,16.8915,80.0955,53530
Marechal Candido Rondon,BR,-24.5561,-54.0567,53495
Buique,BR,-8.6231,-37.1558,53489
Extrema,BR,-22.8547,-46.3183,53482
Rampur Hat,IN,24.1774,87.7827,53468
Khanapuram Haveli,IN,17.2624,80.1681,53442
Goalpara,IN,26.1767,90.6263,53430
Tuni,IN,17.359,82.5461,53425
Porto Feliz,BR,-23.2147,-47.5239,53402
Laxmangarh,IN,27.8229,75.0275,53392
Shahpur,IN,16.696,76.8422,53366
Itabirito,BR,-20.2533,-43.8014,53365
Itupiranga,BR,-5.1347,-49.3267,53355
Bhongir,IN,17.5154,78.8856,53339
Puttur,IN,12.7598,75.2017,53331
Porto Nacional,BR,-10.7081,-48.4172,53316
Sri Dungargarh,IN,28.0962,74.0087,53294
Ayodhya,IN,26.7991,82.2047,53293
Mubarakpur,IN,26.0887,83.2909,53263
Amalapuram,IN,16.5787,82.0061,53231
Arsikere,IN,13.3145,76.257,53216
Phaltan,IN,17.9911,74.4318,53202
Ashta,IN,23.0175,76.7221,53184
Sandila,IN,27.0699,80.515,53182
Santa Isabel,BR,-23.3156,-46.2214,53174
Vikarabad,IN,17.3381,77.9044,53143
Baruipur,IN,22.3654,88.4325,53128
Gulariya,NP,28.2058,81.3453,53107
Butterworth,ZA,-32.3308,28.1498,53086
Itapage,BR,-3.6867,-39.5861,53067
Choudwar,IN,20.5392,85.9151,52999
Shahabad,IN,17.1307,76.9436,52952
Sultanganj,IN,25.2383,86.7356,52892
Congonhas,BR,-20.5053,-43.8588,52890
Mandi Dabwali,IN,29.9663,74.7002,52873
Delmiro Gouveia,BR,-9.3886,-37.9992,52809
Rondon do Para,BR,-4.7761,-48.0672,52803
Port Shepstone,ZA,-30.7414,30.455,52793
Trichardt,ZA,-26.4916,29.2288,52776
Konch,IN,25.9945,79.1513,52773
Baprola,IN,28.6413,77.0142,52744
Pabbi,PK,34.0097,71.7944,52701
Venkatagiri,IN,13.9601,79.5803,52688
Sao Francisco do Sul,BR,-26.2433,-48.6381,52674
Tramandai,BR,-29.9847,-50.1336,52632
Imbituba,BR,-28.24,-48.6703,52579
Dabhel,IN,20.4095,72.8834,52578
Lalian,PK,31.8246,72.8012,52542
Biswan,IN,27.4958,80.9962,52516
Qabula,PK,30.1778,73.0651,52495
Kosi,IN,27.7945,77.4368,52492
Siruguppa,IN,15.63,76.8922,52492
Pir Mahal,PK,30.7666,72.4346,52476
Sironj,IN,24.1031,77.6906,52460
Campos do Jordao,BR,-22.7394,-45.5914,52405
Jangaon,IN,17.726,79.1524,52394
Mithi,PK,24.737,69.7971,52376
Daudnagar,IN,25.0347,84.4009,52364
Paraiso do Tocantins,BR,-10.1761,-48.8667,52360
Obidos,BR,-1.9175,-55.5181,52306
Dandeli,IN,15.2667,74.6167,52295
Ramapuram,IN,13.0318,80.1824,52295
Santo Estevao,BR,-12.4303,-39.2514,52276
Inhumas,BR,-16.3578,-49.4961,52204
Mudhol,IN,16.3335,75.2831,52199
Sandwip,BD,22.5141,91.4549,52152
Guaxupe,BR,-21.3053,-46.7128,52078
Parobe,BR,-29.6286,-50.8347,52058
Thodupuzha,IN,9.8939,76.7222,52045
Caetite,BR,-14.0694,-42.475,52012
Satkania,BD,22.0764,92.0495,52005
Devakottai,IN,9.947,78.8233,51865
Arwal,IN,25.2428,84.6657,51849
Louveira,BR,-23.0864,-46.9506,51847
Sao Gabriel da Cachoeira,BR,-0.1181,-67.0853,51795
Palmas,BR,-26.4842,-51.9906,51755
Kaliyaganj,IN,25.6344,88.3267,51748
Nasirabad,IN,26.3047,74.7336,51747
Xanxere,BR,-26.8769,-52.4042,51607
Ibipora,BR,-23.2692,-51.0481,51603
Tijucas,BR,-27.2414,-48.6336,51592
Khagaul,IN,25.579,85.0456,51577
Ruropolis,BR,-4.0956,-54.9103,51500
Viana,BR,-3.2203,-45.0036,51442
Changanacheri,IN,9.442,76.536,51430
Shorapur,IN,16.521,76.7574,51398
Mandvi,IN,22.8328,69.3524,51376
Rajgangpur,IN,22.2,84.583,51362
Patiya,BD,22.2954,91.979,51360
Morrinhos,BR,-17.7311,-49.0994,51351
Nkowakowa,ZA,-23.8878,30.2871,51350
Chautara,NP,27.7763,85.7127,51347
Gopalganj,BD,23.2235,90.0604,51346
Brejo da Madre de Deus,BR,-8.1458,-36.3711,51308
Sape,BR,-7.0964,-35.2328,51306
Ozar,IN,20.0947,73.9282,51297
Peranampattu,IN,12.9343,78.7189,51271
Gumla,IN,23.0427,84.5443,51264
Ramnagar,IN,29.3925,79.1283,51244
Vazhakkala,IN,10.0124,76.3263,51242
Shujalpur,IN,23.4067,76.7098,51225
Tirumangalam,IN,9.8231,77.9838,51194
Sidlaghatta,IN,13.389,77.8644,51159
Leopoldina,BR,-21.5319,-42.6431,51145
Musina,ZA,-22.3488,30.0407,51132
Khurai,IN,24.0437,78.3301,51108
Hilsa,IN,25.3164,85.2823,51052
Rampura Phul,IN,30.2756,75.2425,51023
Kot Mumin,PK,32.1884,73.0299,51021
Ubauro,PK,28.1643,69.7311,50981
Fatwa,IN,25.5096,85.305,50961
Tundla,IN,27.2146,78.2368,50939
Mannarakkat,IN,10.9922,76.4642,50921
Tobias Barreto,BR,-11.1839,-37.9983,50905
Metpalle,IN,18.8472,78.6256,50902
Naya Gaon,IN,30.7752,76.7931,50869
Repalle,IN,16.0184,80.8296,50866
Hunsur,IN,12.3036,76.2927,50865
Vigia,BR,-0.8583,-48.1417,50832
Monte Alto,BR,-21.2611,-48.4964,50772
Rajanpur,PK,29.1041,70.3297,50682
Estancia Velha,BR,-29.6483,-51.1739,50672
Nanjangud,IN,12.1176,76.684,50598
Jaru,BR,-10.4389,-62.4664,50591
Zhob,PK,31.3408,69.4493,50537
Forbesganj,IN,26.3025,87.2656,50475
Nithari,IN,28.7049,77.0529,50464
Nova Venecia,BR,-18.7106,-40.4006,50434
Vargem Grande Paulista,BR,-23.6033,-47.0264,50415
Matli,PK,25.0429,68.6559,50398
Sunabeda,IN,18.7284,82.8293,50394
Gajraula,IN,28.8457,78.2396,50380
Khagrachhari,BD,23.1079,91.9701,50364
Jahanian,PK,30.0393,71.8167,50318
Modimolle,ZA,-24.7,28.4,50306
Virapandi,IN,11.0625,77.3508,50301
Dahanu,IN,19.9678,72.7126,50287
Rasipuram,IN,11.4601,78.1864,50244
Salur,IN,18.5172,83.2055,50206
Bhabhua,IN,25.0405,83.6075,50179
Macaubas,BR,-13.0194,-42.6986,50161
Hodal,IN,27.892,77.3674,50143
Bhadrachalam,IN,17.6685,80.8889,50087
Capivari,BR,-22.995,-47.5078,50068
Aonla,IN,28.274,79.1652,50011
Tirupparangunram,IN,9.8815,78.0731,50004
Buni,PK,36.2733,72.2593,50000
Rawalakot,PK,33.8578,73.7604,50000
Chatra,IN,24.2065,84.8709,49985
Khagaria,IN,25.5022,86.4671,49982
Dhampur,IN,29.3088,78.5108,49973
Phalodi,IN,27.131,72.3683,49914
Gangakher,IN,18.9696,76.7495,49891
Sardhana,IN,29.1455,77.6143,49857
Brejo Santo,BR,-7.4933,-38.9872,49842
Nohar,IN,29.1829,74.7706,49835
Yeola,IN,20.0424,74.4894,49826
Bhaisa,IN,19.1129,77.9634,49764
Chilmari,BD,25.5561,89.671,49736
Perintalmanna,IN,10.9772,76.2254,49723
Letlhabile,ZA,-25.4824,27.8392,49718
Hadali,PK,32.6404,74.569,49663
Perambalur,IN,11.2333,78.8833,49648
Coelho Neto,BR,-4.2567,-43.0128,49621
Lydenburg,ZA,-25.096,30.4439,49605
Baduria,IN,22.7443,88.7866,49547
Gudalur,IN,11.5207,76.4814,49535
Kizhake Chalakudi,IN,10.3007,76.3376,49525
Narkatiaganj,IN,27.1038,84.4618,49507
Mankweng,ZA,-23.8838,29.7056,49480
Peddapuram,IN,17.077,82.1384,49477
Majalgaon,IN,19.1551,76.2099,49453
Daund,IN,18.4652,74.5837,49450
Sao Bento do Una,BR,-8.5228,-36.4444,49449
Nageswari,BD,25.9682,89.6915,49425
Ficksburg,ZA,-28.872,27.8751,49420
Prudentopolis,BR,-25.2131,-50.9778,49393
Wolmaransstad,ZA,-27.1974,25.9831,49366
Sillanwali,PK,31.8254,72.5406,49311
Kapadvanj,IN,23.023,73.0711,49308
Edenvale,ZA,-26.141,28.1525,49292
eSikhaleni,ZA,-28.871,31.8996,49265
Kotputli,IN,27.7021,76.1991,49202
Dyane,IN,20.5674,74.5285,49192
Bail-Hongal,IN,15.8137,74.8589,49182
Biaora,IN,23.9205,76.9107,49093
Naugachhia,IN,25.3881,87.0991,49069
Iranduba,BR,-3.2847,-60.1861,49011
Kanuru,IN,16.4985,80.6914,49006
Dehu Road,IN,18.6821,73.7316,48961
Santiago,BR,-29.1917,-54.8672,48938
Sao Goncalo do Amarante,BR,-3.6072,-38.9683,48869
Piparia,IN,22.757,78.355,48826
Barpeta,IN,26.3229,91.0063,48824
Jales,BR,-20.2689,-50.5458,48776
Tucano,BR,-10.9582,-38.7908,48736
Gooty,IN,15.1184,77.6378,48658
Tamluk,IN,22.3008,87.9259,48646
Vengara,IN,11.0508,75.9781,48600
Nushki,PK,29.5522,66.0229,48572
Nova Andradina,BR,-22.2333,-53.3431,48563
Aquidauana,BR,-20.4711,-55.7872,48561
Sao Joaquim da Barra,BR,-20.5814,-47.8547,48558
Panchagarh,BD,26.3334,88.5578,48531
Jaisingpur,IN,16.7764,74.5536,48510
Nangal,IN,31.3897,76.3757,48497
Jasdan,IN,22.0371,71.2079,48483
Godda,IN,24.827,87.2125,48480
Bikramganj,IN,25.2107,84.2551,48465
Morar,IN,26.2264,78.2248,48464
Baiao,BR,-2.7906,-49.6717,48459
Jhajjar,IN,28.6063,76.6565,48424
Pacaja,BR,-3.8378,-50.6375,48414
Ramnagar,IN,27.1637,84.3234,48411
Nihtaur,IN,29.3242,78.3872,48389
Uttar Char Fasson,BD,22.2265,90.7127,48305
Araci,BR,-11.3333,-38.9667,48294
Mahnar Bazar,IN,25.6096,85.4808,48293
Vite,IN,17.2734,74.5379,48289
Catu,BR,-12.3531,-38.3789,48148
Gumia,IN,23.7975,85.8252,48141
Bocaiuva,BR,-17.1078,-43.815,48032
Maracaju,BR,-21.6144,-55.1683,48022
Parbatipur,BD,25.6637,88.9309,48020
Conceicao do Araguaia,BR,-8.2644,-49.2698,47991
Itahari,NP,26.6637,87.274,47984
Tanalur,IN,10.9515,75.9096,47976
Barras,BR,-4.2444,-42.2944,47938
Bhinmal,IN,24.9994,72.2714,47932
Sadasivpet,IN,17.6193,77.9526,47920
Bakhtiarpur,IN,25.456,85.5329,47897
Jalandhar Cantonment,IN,31.2942,75.6197,47845
Cornelio Procopio,BR,-23.1811,-50.6467,47842
Athani,IN,16.7261,75.0642,47842
Warud,IN,21.471,78.2696,47817
Wankaner,IN,22.612,70.9438,47814
Monte Santo,BR,-10.4378,-39.3328,47780
Churachandpur,IN,24.3335,93.67,47774
Tremembe,BR,-22.9583,-45.5494,47714
Dungarpur,IN,23.8431,73.7147,47706
Diamantina,BR,-18.2469,-43.6035,47702
Chhaya,IN,21.6288,69.6339,47699
Monte Carmelo,BR,-18.7247,-47.4986,47692
Dumka,IN,24.2678,87.2485,47663
Queimadas,BR,-7.3583,-35.8983,47658
Sao Benedito,BR,-4.0486,-40.865,47640
Gadarwara,IN,22.9235,78.7849,47604
Pithoragarh,IN,29.5835,80.2095,47571
Ballia,IN,25.4214,86.3144,47550
Bihta,IN,25.5588,84.8714,47549
Atrauli,IN,28.0296,78.2857,47512
Walajapet,IN,12.9251,79.3663,47498
Koraput,IN,18.812,82.7105,47468
Umarkhed,IN,19.6014,77.6888,47458
Altos,BR,-5.0381,-42.46,47453
Mairinque,BR,-23.5458,-47.1833,47441
Gudalur,IN,9.6783,77.2495,47419
Santana do Ipanema,BR,-9.3783,-37.2453,47397
Osorio,BR,-29.8867,-50.2697,47396
Kunnamangalam,IN,11.3046,75.8777,47396
Sao Francisco de Itabapoana,BR,-21.3019,-40.9614,47368
Atalaia,BR,-9.5019,-36.0228,47365
Alangad,IN,10.1019,76.291,47329
Alengad,IN,10.119,76.3023,47329
Jodhpur,IN,21.9017,70.0327,47329
Matsulu,ZA,-25.523,31.3569,47306
Sao Jose de Mipibu,BR,-6.0747,-35.2378,47286
Punalur,IN,9.0196,76.9226,47263
Vikramasingapuram,IN,8.7148,77.3903,47241
Vattiyurkavu,IN,8.5247,76.9889,47187
Padrauna,IN,26.904,83.9809,47181
Ambah,IN,26.7042,78.2268,47177
Jatoi Shimali,PK,29.5183,70.8447,47144
Mata de Sao Joao,BR,-12.5303,-38.2992,47126
Komalapuram,IN,9.5419,76.3424,47126
Sidrolandia,BR,-20.9319,-54.9614,47118
Mattanur,IN,11.9302,75.5715,47078
Harpanahalli,IN,14.7877,75.9886,47039
Cabreuva,BR,-23.3075,-47.1328,47011
Kendraparha,IN,20.5017,86.4223,47006
Tighri,IN,28.5123,77.2408,46974
Pallikal,IN,11.1372,75.9257,46962
Selu,IN,19.4551,76.4407,46915
Kotli,PK,33.5184,73.9022,46907
Campo Maior,BR,-4.8278,-42.1686,46893
Labrea,BR,-7.2644,-64.7964,46882
Medak,IN,18.0453,78.2608,46880
Pocoes,BR,-14.5297,-40.3653,46879
Patancheru,IN,17.5333,78.2645,46821
Nova Mutum,BR,-13.8289,-56.0822,46813
Joao Pinheiro,BR,-17.7425,-46.1725,46801
Chhatarpur,IN,28.4985,77.1825,46776
Dondaicha,IN,21.3236,74.568,46767
Jamner,IN,20.8095,75.7777,46762
Sao Mateus do Sul,BR,-25.8742,-50.3828,46705
Burla,IN,21.5098,83.8726,46698
Porur,IN,13.0357,80.1582,46690
Kuils River,ZA,-33.9421,18.7066,46685
Nellikkuppam,IN,11.7755,79.6702,46678
Padra,IN,22.2398,73.0845,46660
Kawardha,IN,22.0085,81.2315,46657
Gulaothi,IN,28.5894,77.7932,46647
Joda,IN,22.017,85.422,46631
Panauti,NP,27.5847,85.5212,46595
Medianeira,BR,-25.2953,-54.0939,46574
Guajara Mirim,BR,-10.7836,-65.3355,46556
Seohara,IN,29.209,78.5884,46546
Warora,IN,20.2289,79.0028,46532
Sena Madureira,BR,-9.0634,-68.6724,46511
Augusto Correa,BR,-1.0217,-46.635,46471
Manvi,IN,15.9913,77.0503,46465
Santa Cruz do Rio Pardo,BR,-22.8989,-49.6325,46442
Kurseong,IN,26.8825,88.2773,46427
Manglaur,IN,29.7909,77.8784,46395
Nilambur,IN,11.2727,76.2257,46366
Capao Bonito,BR,-24.0058,-48.3494,46337
Ganj Dundwara,IN,27.7331,78.9412,46314
Nanpara,IN,27.8646,81.5004,46280
Khordha,IN,20.1827,85.6163,46205
Bom Conselho,BR,-9.1697,-36.6797,46202
Sao Lourenco,BR,-22.1164,-45.0544,46202
Atarra,IN,25.2862,80.5716,46168
Timbauba,BR,-7.5053,-35.3183,46147
Uniao,BR,-4.5858,-42.8642,46119
Casimiro de Abreu,BR,-22.4806,-42.2042,46110
Timbo,BR,-26.8233,-49.2717,46099
Barbigha,IN,25.2167,85.7333,46075
Merta,IN,26.6486,74.0341,46070
Jammalamadugu,IN,14.8468,78.3831,46069
Garhwa,IN,24.16,83.8076,46059
Nawanshahr,IN,31.1245,76.1161,46024
Ranavav,IN,21.6873,69.7448,46018
Balfour,ZA,-26.6633,28.5902,46008
Vredenburg,ZA,-32.9072,17.99,45986
Banka,IN,24.8809,86.9226,45977
Thoubal,IN,24.6388,93.9964,45947
Mahmudabad,IN,27.2919,81.1178,45921
Paotana Hat,BD,25.6647,89.5026,45911
Milavittan,IN,8.8193,78.0909,45863
Dracena,BR,-21.4825,-51.5328,45847
Igarape,BR,-20.0703,-44.3017,45847
Pakur,IN,24.6393,87.8424,45840
Cherthala,IN,9.6844,76.3356,45827
Guaramirim,BR,-26.4731,-49.0028,45797
Mustafabad,PK,30.8922,73.4989,45795
Pontes e Lacerda,BR,-15.2261,-59.3353,45774
Nayudupet,IN,13.9074,79.8946,45769
Campo Verde,BR,-15.5467,-55.1689,45740
Kamra,PK,33.855,72.3942,45738
Farrukhnagar,IN,17.0779,78.2034,45675
Burhanuddin,BD,22.4952,90.7239,45670
Chak Thirty-one -Eleven Left,PK,30.4239,72.6974,45665
Rampura,IN,30.256,75.2412,45639
Porangatu,BR,-13.4408,-49.1486,45632
Kaliganj,BD,23.4096,89.138,45631
Sao Bento,BR,-2.6958,-44.8214,45604
Chirakkal,IN,11.9126,75.361,45601
Mauriti,BR,-7.3892,-38.7744,45561
Dohar,BD,23.5931,90.1425,45543
Chirkunda,IN,23.7477,86.788,45508
Coonoor,IN,11.3498,76.7938,45494
Canela,BR,-29.3562,-50.8136,45488
Pandhurna,IN,21.5956,78.5263,45479
Shertallai,IN,9.6858,76.34,45474
Kodur,IN,11.0153,76.0701,45459
Giddarbaha,IN,30.1995,74.6663,45370
Barra Velha,BR,-26.6322,-48.6847,45369
Meddappakkam,IN,12.9166,80.1938,45356
Nandikotkur,IN,15.8567,78.2657,45343
Khalilabad,IN,26.7727,83.0718,45321
Chittaranjan,IN,23.8568,86.9032,45305
Goianira,BR,-16.4961,-49.4264,45296
Jardinopolis,BR,-21.0178,-47.7639,45282
Pathardih,IN,23.6658,86.4317,45276
Champa,IN,22.0353,82.6423,45256
Mehkar,IN,20.1505,76.5684,45248
Jaragua,BR,-15.7569,-49.3344,45223
Mangaratiba,BR,-22.9597,-44.0406,45220
Cordovil,BR,-22.8253,-43.304,45202
Dhanpuri,IN,23.1854,81.5551,45156
Presidente Dutra,BR,-5.29,-44.49,45155
Mamanguape,BR,-6.8386,-35.1261,45136
Xinguara,BR,-7.0983,-49.9435,45086
Sundergarh,IN,22.1167,84.0333,45036
Lapa,BR,-25.7697,-49.7158,45003
Kanganpur,PK,30.7647,74.1229,45000
Dig,IN,27.4719,77.3256,44999
Currais Novos,BR,-6.2608,-36.5178,44905
Dois Vizinhos,BR,-25.7336,-53.0572,44869
Tumsar,IN,21.3833,79.7333,44869
Marau,BR,-28.4492,-52.2,44858
Rameswaram,IN,9.2885,79.3127,44856
Bangarapet,IN,12.9912,78.178,44849
Pederneiras,BR,-22.3517,-48.775,44827
Tanda,IN,28.9762,78.9419,44822
Santana do Paraiso,BR,-19.3636,-42.5686,44800
Maragogipe,BR,-12.7778,-38.9194,44793
Visharam,IN,12.9181,79.2776,44786
Thiruthani,IN,13.1759,79.6164,44781
Salinopolis,BR,-0.621,-47.3542,44772
Digras,IN,20.1035,77.7185,44767
Tikapur,NP,28.5282,81.1183,44758
Xique-Xique,BR,-10.8229,-42.7281,44757
Beaufort West,ZA,-32.3567,22.583,44737
Maradu,IN,9.9365,76.3238,44704
Cerquilho,BR,-23.165,-47.7436,44695
Bandikui,IN,27.0509,76.5733,44664
Dowleswaram,IN,16.9476,81.7799,44637
Kirtipur,NP,27.6785,85.2757,44632
Balapur,IN,20.6661,76.7739,44594
Tondalam,IN,11.5014,76.3498,44590
Jawaharnagar,IN,17.51,78.5656,44562
Mach,PK,29.8637,67.3302,44542
Homnabad,IN,17.7707,77.1252,44483
Paraiba do Sul,BR,-22.1585,-43.2932,44467
Memari,IN,23.1765,88.0975,44448
Itarare,BR,-24.1125,-49.3317,44438
Aliwal North,ZA,-30.6937,26.7114,44436
Sao Sebastiao do Passe,BR,-12.5125,-38.4953,44430
Nandura,IN,20.8342,76.4592,44419
Lago da Pedra,BR,-4.5603,-45.1315,44403
Kottangara,IN,8.9241,76.6467,44402
Angul,IN,20.8409,85.1019,44386
Kottakkal,IN,11.0009,76.0062,44382
Kandiaro,PK,27.0592,68.2102,44382
Libaspur,IN,28.7509,77.1465,44375
Santo Antonio da Platina,BR,-23.295,-50.0772,44369
Dalli Rajhara,IN,20.5857,81.075,44363
Hajiganj,BD,23.2519,90.8551,44343
Kalpi,IN,26.1167,79.7333,44339
Sao Miguel d'Oeste,BR,-26.7253,-53.5181,44330
Thatta,PK,24.7475,67.9235,44302
Aracati,BR,-4.5617,-37.7697,44293
Jintur,IN,19.6119,76.6874,44291
Daman,IN,20.4143,72.8324,44282
Ramnagar,IN,25.2691,83.0297,44277
Anekal,IN,12.7111,77.6956,44260
Seabra,BR,-12.4171,-41.7705,44234
Akkarampalle,IN,13.65,79.42,44219
Siyabuswa,ZA,-25.1132,29.0445,44189
Nidadavole,IN,16.9057,81.6722,44173
Rio Grande da Serra,BR,-23.7442,-46.3983,44170
Raisen,IN,23.3303,77.7811,44162
Panambi,BR,-28.2925,-53.5017,44128
Guduvancheri,IN,12.8452,80.0606,44098
Fatehpur,PK,31.1777,71.2048,44084
Varangaon,IN,21.0177,75.9104,44067
Sihora,IN,23.4871,80.104,44048
Chidawa,IN,28.2394,75.6403,43953
Ahmadpur,IN,18.7062,76.9373,43936
Cradock,ZA,-32.1642,25.6192,43936
Benjamin Constant,BR,-4.3755,-70.0318,43935
Serrana,BR,-21.2114,-47.5956,43909
Livramento de Nossa Senhora,BR,-13.6414,-41.8432,43903
Olavanna,IN,11.2184,75.8325,43895
Amontada,BR,-3.3617,-39.8317,43829
Aguas Belas,BR,-9.1114,-37.1231,43822
Gobardanga,IN,22.8774,88.7548,43808
Melmadai,IN,9.9264,78.1503,43797
Saint Thomas Mount,IN,13.0033,80.1961,43795
Yellandu,IN,17.5906,80.3215,43787
Nova Vicosa,BR,-17.8919,-39.3719,43783
Kamra,PK,33.747,73.5123,43779
Haflong,IN,25.1648,93.0174,43756
Salto de Pirapora,BR,-23.6489,-47.5733,43748
Vera Cruz,BR,-12.9603,-38.6086,43716
Santa Quiteria,BR,-4.3319,-40.1567,43711
Polavaram,IN,17.2475,81.6437,43710
Kanuru,IN,16.2858,81.2546,43696
Bodupal,IN,17.4188,78.5843,43692
Santo Antonio de Padua,BR,-21.5394,-42.1803,43686
Campina Grande do Sul,BR,-25.3056,-49.0553,43685
Ramachandrapuram,IN,16.8364,82.0287,43657
Paracambi,BR,-22.6083,-43.7095,43656
Arcos,BR,-20.2819,-45.5394,43653
Itaberai,BR,-16.0203,-49.8103,43622
Panachikkad,IN,9.5297,76.5406,43595
Uruara,BR,-3.7175,-53.7367,43558
Sao Lourenco do Sul,BR,-31.3653,-51.9783,43540
Shoranur,IN,10.7618,76.2708,43533
Pasni,PK,25.263,63.4692,43494
Pallikaranai,IN,12.9377,80.2153,43493
Kandhla,IN,29.321,77.271,43387
Barwala,IN,29.3675,75.9081,43384
Volksrust,ZA,-27.3654,29.8818,43378
Nilithi,IN,28.652,77.0564,43371
Jambusar,IN,22.0524,72.8007,43344
Pedra Branca,BR,-5.4542,-39.7172,43309
Varkala,IN,8.7333,76.7167,43276
Katol,IN,21.2739,78.5858,43267
Kopali,IN,22.8372,86.1916,43256
Sainthia,IN,23.9483,87.6804,43221
Choornikkara,IN,10.0879,76.3411,43207
Bhanga,BD,23.3919,89.9839,43202
Tarauaca,BR,-8.1614,-70.7656,43151
Pedreira,BR,-22.7419,-46.9014,43112
Kamal Pur Majra Burari,IN,28.7467,77.1935,43086
Barhiya,IN,25.2881,86.0206,43045
Sojat,IN,25.9249,73.6663,43023
Malmesbury,ZA,-33.4608,18.7271,43009
Kalimpong,IN,27.0346,88.6308,43000
Rosario,BR,-2.9405,-44.249,42994
Periyakulam,IN,10.1227,77.5437,42976
Mkhuhlu,ZA,-24.9878,31.2385,42969
Santo Antonio da Patrulha,BR,-29.8175,-50.5197,42947
Simdega,IN,22.6152,84.5021,42944
Bishrampur,IN,24.253,83.925,42925
Kottuvalli,IN,10.1112,76.2463,42922
Kundian,PK,32.4577,71.4789,42903
Bairagnia,IN,26.7406,85.2732,42895
Diglipur,IN,13.2667,93.0,42877
Panipat Taraf Ansar,IN,29.4122,76.9547,42877
Ranjangaon S,IN,19.844,75.2148,42877
Kakkodi,IN,11.3197,75.8015,42866
Mahbubabad,IN,17.5973,80.0021,42851
Perumbaikad,IN,9.6183,76.5313,42839
Arvi,IN,20.9959,78.2291,42822
Parasia,IN,22.1913,78.759,42786
Laguna,BR,-28.4825,-48.7808,42785
Sivaganga,IN,9.847,78.4836,42785
Santa Maria da Boa Vista,BR,-8.8078,-39.8256,42782
Limbdi,IN,22.5651,71.8108,42769
Chavara,IN,8.9673,76.5419,42655
Bhatpara Abhaynagar,BD,23.0147,89.4394,42653
Dahegam,IN,23.169,72.8216,42632
Sukheke Mandi,PK,31.8654,73.5088,42626
Shahabad,IN,30.1678,76.8705,42607
Simao Dias,BR,-10.7383,-37.8111,42578
Wesselsbron,ZA,-27.8549,26.3658,42552
Jaspur,IN,29.2792,78.828,42524
Than,IN,22.5742,71.1994,42508
Barra de Sao Francisco,BR,-18.755,-40.8908,42498
Santa Helena,BR,-2.2311,-45.3,42483
Baola,IN,22.8284,72.3636,42458
Armacao dos Buzios,BR,-22.7469,-41.8817,42442
Khekra,IN,28.8659,77.2841,42408
Afogados da Ingazeira,BR,-7.7508,-37.6392,42407
Santos Dumont,BR,-21.4567,-43.5525,42406
Bhupalpally,IN,18.4287,79.8638,42387
Dinhata,IN,26.1353,89.4613,42381
Aland,IN,17.5643,76.5685,42371
Naini Tal,IN,29.3974,79.4469,42309
Idar,IN,23.8414,73.0007,42306
Chinnamanur,IN,9.84,77.3811,42305
Bhawani Mandi,IN,24.4158,75.8355,42283
Paranaiba,BR,-19.6772,-51.1908,42276
Kyathampalle,IN,19.6678,78.5289,42275
Mucuri,BR,-18.0864,-39.5508,42251
Sikandra Rao,IN,27.6886,78.3799,42229
Palladam,IN,10.9917,77.2863,42225
Lalmohan,BD,22.3377,90.7371,42220
Itarema,BR,-2.9203,-39.915,42215
Razam,IN,18.4491,83.6596,42197
Jajpur,IN,20.8485,86.3373,42157
Jora,IN,26.3421,77.8092,42153
Canning,IN,22.314,88.6651,42132
Khairabad,IN,27.527,80.7546,42125
Amangarh,PK,34.0058,71.9297,42123
Garca,BR,-22.2106,-49.6561,42110
Barreiros,BR,-8.8183,-35.1864,42083
Pratapgarh,IN,24.0322,74.7816,42079
Dhaka,IN,26.6748,85.167,42063
Kannad,IN,20.2568,75.1379,42056
Guaraciaba do Norte,BR,-4.1669,-40.7475,42053
Tuntum,BR,-5.2581,-44.6489,42040
Lebowakgomo,ZA,-24.3146,29.5008,42040
Nathdwara,IN,24.9381,73.8239,42016
Abdu Rahiman Nagar,IN,11.0698,75.9388,41993
Golaghat,IN,26.5117,93.9595,41989
Lajedo,BR,-8.6636,-36.32,41960
Jhingergacha,BD,23.1113,89.0906,41957
Eldorado do Sul,BR,-30.0839,-51.6161,41902
Kekri,IN,25.9713,75.1499,41890
Barauli,IN,26.3811,84.5865,41877
Mahe,IN,11.7017,75.5347,41816
Diamond Harbour,IN,22.1927,88.1895,41802
Porto de Moz,BR,-1.7483,-52.2383,41801
Surampatti,IN,11.3273,77.7112,41782
Lago Norte,BR,-15.7395,-47.8569,41778
Paicandu,BR,-23.4575,-52.0486,41773
Baghpat,IN,28.9448,77.2186,41766
Bar Bigha,IN,25.2186,85.7332,41758
Narayanpet,IN,16.748,77.4954,41752
Torres,BR,-29.3353,-49.7269,41751
Borba,BR,-4.3914,-59.5886,41748
Khambhaliya,IN,22.2068,69.6503,41734
Amarante do Maranhao,BR,-5.5667,-46.7422,41729
Bilara,IN,26.1807,73.7055,41710
Santa Maria de Jetiba,BR,-20.0275,-40.7434,41636
Trikonavattam,IN,8.8899,76.6659,41609
Ceres,ZA,-33.3689,19.3109,41596
Rajgir,IN,25.0283,85.4208,41587
Kudappanakkunnu,IN,8.5514,76.9608,41583
Dunyapur,PK,29.8027,71.7434,41575
Paithan,IN,19.4751,75.3856,41536
Barra dos Coqueiros,BR,-10.9089,-37.0386,41511
Kodinar,IN,20.7939,70.7022,41492
Pileru,IN,13.6558,78.9385,41489
Pirayiri,IN,10.7652,76.6318,41359
Socorro,BR,-22.5914,-46.5289,41352
Ramganj Mandi,IN,24.6465,75.9433,41328
Colinas,BR,-6.0258,-44.2492,41312
Vaijapur,IN,19.9267,74.7275,41296
Curuca,BR,-0.7289,-47.8481,41262
Kannamangalam,IN,11.0754,75.9852,41260
Saundatti,IN,15.7661,75.1178,41215
Bronkhorstspruit,ZA,-25.8102,28.7425,41209
Sao Fidelis,BR,-21.6461,-41.7469,41197
Jaggayyapeta,IN,16.8938,80.0981,41180
Peddapalli,IN,18.6136,79.3744,41171
Dhupgari,IN,26.589,89.0073,41168
Triprangod,IN,10.8422,75.9486,41167
Sehwan,PK,26.4249,67.8613,41150
Mirzapur,BD,24.1029,90.0984,41137
Toritama,BR,-8.0067,-36.0567,41137
Paraguacu Paulista,BR,-22.4128,-50.5758,41120
Chakan,IN,18.7606,73.8635,41113
Washuk,PK,27.7273,64.8097,41107
Juina,BR,-11.4205,-58.7549,41101
Goianesia do Para,BR,-3.8425,-49.0969,41081
Ipu,BR,-4.3222,-40.7108,41081
Bharthana,IN,26.7523,79.2218,41055
Rio Real,BR,-11.4847,-37.9328,40976
Patti,IN,31.2809,74.8585,40976
Esperantina,BR,-3.9017,-42.2336,40970
Jalarpet,IN,12.5702,78.5732,40959
Sao Gotardo,BR,-19.3111,-46.0489,40910
Muana,BR,-1.5283,-49.2167,40906
Varzea Alegre,BR,-6.7889,-39.2958,40903
Sakhipur,BD,24.3199,90.1694,40869
Machadinho d'Oeste,BR,-9.4439,-61.9814,40867
Naushahra Virkan,PK,31.9626,73.9712,40853
Sirinhaem,BR,-8.5908,-35.1161,40852
Talcher,IN,20.9493,85.2335,40841
Uruacu,BR,-14.5247,-49.1408,40840
Thottada,IN,11.8385,75.4208,40818
Kalliyoor,IN,8.4313,77.0129,40816
Arantangi,IN,10.1723,78.9912,40814
Ze Doca,BR,-3.2747,-45.6583,40801
Athiyannur,IN,8.393,77.0637,40712
Ipiau,BR,-14.1345,-39.7395,40706
Icchannur,IN,11.3615,75.7782,40697
Itabaianinha,BR,-11.2739,-37.79,40678
Sherghati,IN,24.5595,84.7916,40666
Bhadra,IN,29.103,75.1714,40662
Jhajha,IN,24.7711,86.3789,40646
Santa Rita do Sapucai,BR,-22.2522,-45.7033,40635
Ghatsila,IN,22.5853,86.4768,40624
Dharmanagar,IN,24.3667,92.1667,40595
Kayalpattinam,IN,8.5714,78.1199,40588
Remanso,BR,-9.6217,-42.0814,40586
Nowgong,IN,25.0614,79.4412,40580
Oliveira,BR,-20.6964,-44.8272,40576
Savanur,IN,14.9733,75.3372,40567
Naila,IN,22.0207,82.5666,40561
Teknaf,BD,20.8583,92.2977,40557
Nannambra,IN,10.9921,75.908,40543
Gaurnadi,BD,22.9737,90.2238,40519
Manapparai,IN,10.6077,78.4258,40510
Boyampalaiyam,IN,11.1487,77.3537,40503
Kalia,BD,23.043,89.6309,40492
Kallakkurichchi,IN,11.7404,78.959,40449
Kulathummal,IN,8.5073,77.0815,40448
Ettumanur,IN,9.669,76.5592,40438
Ghatampur,IN,26.1527,80.168,40435
Channarayapatna,IN,12.9064,76.3877,40417
Akividu,IN,16.5822,81.3811,40413
Kovvur,IN,17.0162,81.7293,40379
Jacarezinho,BR,-23.1606,-49.9694,40375
Almenara,BR,-16.1836,-40.6944,40364
Vellakkovil,IN,10.9463,77.7124,40359
Buritis,BR,-10.2117,-63.8286,40356
Inhambupe,BR,-11.7844,-38.3531,40333
Bhalki,IN,18.0435,77.206,40333
Sabalgarh,IN,26.2492,77.4079,40333
Kattipparutti,IN,10.8738,76.0535,40318
Murtajapur,IN,20.733,77.3669,40295
Peringathur,IN,11.7137,75.586,40292
Autazes,BR,-3.5797,-59.1306,40290
Solan,IN,30.9091,77.1087,40283
Nadapuram,IN,11.6846,75.6549,40230
Gursahaiganj,IN,27.1152,79.7317,40214
Maihar,IN,24.2659,80.7606,40192
Salinas,BR,-16.1703,-42.2903,40178
Bantval,IN,12.8905,75.0349,40155
Dohazari,BD,22.1639,92.0733,40147
Pallipalayam,IN,11.3652,77.7623,40140
Tucuma,BR,-6.7475,-51.1611,40136
Gramado,BR,-29.3786,-50.8739,40134
Vargem Grande do Sul,BR,-21.8322,-46.8936,40133
Mapusa,IN,15.5915,73.809,40122
Taki,IN,22.5887,88.9325,40113
Akalkot,IN,17.5253,76.2061,40103
Khairpur,PK,28.0644,69.7036,40083
Sao Paulo de Olivenca,BR,-3.3783,-68.8725,40073
Maner,IN,25.646,84.8729,40068
Malur,IN,13.0032,77.938,40050
Curitibanos,BR,-27.2828,-50.5844,40045
Bakhri,IN,25.5989,86.2607,40043
Mayyanad,IN,8.8373,76.645,40039
Mappilaiurani,IN,8.8359,78.1352,40035
Melur,IN,10.0324,78.3393,40017
Hasimara,IN,26.7469,89.3538,40000
Sathupalli,IN,17.2497,80.869,40000
Charikot,NP,27.6682,86.0519,40000
Chak,PK,27.8584,68.8338,40000
Choa Saidan Shah,PK,32.7196,72.9862,40000
Puranpur,IN,28.5128,80.1483,39988
Pojuca,BR,-12.4306,-38.3278,39972
Akluj,IN,17.8924,75.0214,39972
Bansi,IN,27.1775,82.9344,39926
Bilaspur,IN,28.8865,79.2703,39873
Vadavalli,IN,11.0247,76.8973,39873
Colniza,BR,-9.4092,-59.025,39861
Thakurdwara,IN,29.192,78.8615,39860
Boa Esperanca,BR,-21.09,-45.5658,39848
Espirito Santo do Pinhal,BR,-22.1959,-46.7488,39816
Amudalavalasa,IN,18.4103,83.903,39799
Vyara,IN,21.1108,73.3936,39789
Santa Maria da Vitoria,BR,-13.3881,-44.1987,39775
Bhavani,IN,11.4455,77.6821,39744
Samalkha,IN,29.2355,77.0127,39710
Porsa,IN,26.6744,78.3708,39669
Kadungalur,IN,10.0948,76.3211,39666
Capelinha,BR,-17.6914,-42.5158,39626
Custodia,BR,-8.0875,-37.6431,39609
Bera,BD,24.0782,89.6326,39604
Kalappatti,IN,11.0794,77.0371,39586
Anandpur,IN,21.2141,86.1249,39585
Senekal,ZA,-28.3197,27.6208,39584
Chaklasi,IN,22.6532,72.945,39581
Afua,BR,-0.1567,-50.3867,39567
Radhanpur,IN,23.8324,71.6047,39558
Murshidabad,IN,24.1839,88.2717,39557
Riacho Fundo,BR,-15.8838,-48.0163,39552
Manakunnam,IN,9.8857,76.3733,39538
Bhachau,IN,23.2986,70.3428,39532
Jalalabad,IN,30.6062,74.2573,39525
Araquari,BR,-26.37,-48.7222,39524
Kurinjippadi,IN,11.5503,79.5907,39514
Leslie,ZA,-26.3674,28.9189,39514
Sao Goncalo dos Campos,BR,-12.4339,-38.9506,39513
Presidente Epitacio,BR,-21.7633,-52.1156,39505
Itapolis,BR,-21.5956,-48.8128,39493
Mehendiganj,BD,22.8226,90.5286,39424
Sedam,IN,17.1786,77.29,39341
Jose de Freitas,BR,-4.7564,-42.5756,39336
Chhagalnaiya,BD,23.0248,91.5109,39335
Vadasinor,IN,22.9568,73.335,39330
Amambai,BR,-23.1042,-55.2258,39325
Rosario do Sul,BR,-30.2583,-54.9142,39314
Kampli,IN,15.4063,76.6001,39307
Karo,IN,23.7852,85.9783,39305
Bom Jardim,BR,-7.7958,-35.5872,39289
Tirkadavur,IN,8.924,76.591,39285
Jogbani,IN,26.399,87.2652,39281
Guaira,BR,-20.3183,-48.3106,39279
Rio Negrinho,BR,-26.2544,-49.5183,39261
Mukondapalli,IN,12.7514,77.8017,39245
Sirohi,IN,24.8884,72.8479,39229
Chhatak,BD,25.0385,91.6696,39218
Aroor,IN,9.8694,76.305,39214
Bonito,BR,-8.4703,-35.7286,39212
Teotonio Vilela,BR,-9.9097,-36.3561,39161
Visconde do Rio Branco,BR,-21.0103,-42.8406,39160
Othukkungal,IN,11.0283,76.029,39139
Ghosi,IN,26.1059,83.5393,39138
Sumerpur,IN,25.1543,73.0816,39132
Pehowa,IN,29.979,76.5825,39101
Karakkad,IN,10.588,76.0388,39098
Nurpur,IN,29.1496,78.4084,39077
Tulsipur,NP,28.1333,82.298,39058
Araioses,BR,-2.89,-41.9031,39052
Revelganj,IN,25.7898,84.636,39039
Kamar Mushani,PK,32.8432,71.3619,39013
Betamcherla,IN,15.4514,78.148,38994
Belpahar,IN,21.8218,83.8458,38993
Paracuru,BR,-3.41,-39.0306,38980
Chika,IN,30.0489,76.343,38952
Paravur Tekkumbhagam,IN,8.7947,76.668,38946
Sao Raimundo Nonato,BR,-9.0153,-42.6994,38934
Brumadinho,BR,-20.1433,-44.1997,38915
Tuvagudi,IN,10.7472,78.8213,38887
Marataizes,BR,-21.0433,-40.8244,38883
Dwarka,IN,22.2394,68.9678,38873
New Badah,PK,27.3417,68.0319,38855
Kotamangalam,IN,10.0643,76.6284,38837
Katpadi,IN,12.9695,79.1455,38833
Sao Mateus do Maranhao,BR,-4.0417,-44.475,38829
Rangat,IN,12.506,92.9155,38824
Sagauli,IN,26.7639,84.7434,38815
Rahuri,IN,19.3907,74.6498,38813
Caete,BR,-19.88,-43.6697,38776
Sanawad,IN,22.1739,76.0699,38740
Sao Francisco do Conde,BR,-12.6275,-38.68,38733
Ouro Branco,BR,-20.5233,-43.6949,38724
Kondapalle,IN,16.6199,80.5424,38714
Sao Joao da Barra,BR,-21.6403,-41.0511,38708
Nalchiti,BD,22.637,90.272,38703
Vetapalem,IN,15.785,80.3066,38671
Sangaria,IN,29.7989,74.4668,38638
Jalesar,IN,27.4732,78.3031,38614
Nattakam,IN,9.5453,76.5141,38599
Sao Joao Batista,BR,-27.2761,-48.8494,38583
Palia Kalan,IN,28.4321,80.5814,38547
Bayana,IN,26.9079,77.2899,38502
Santa Helena de Goias,BR,-17.8136,-50.5969,38492
Rajula,IN,21.0385,71.4434,38489
Tank,PK,32.2171,70.3832,38488
Bodh Gaya,IN,24.6981,84.9869,38439
Keru,IN,26.1925,73.0443,38429
Kollancode,IN,8.289,77.108,38385
Kilakarai,IN,9.2318,78.7854,38355
Kumhari,IN,21.2667,81.5167,38334
Itaitinga,BR,-3.9694,-38.5281,38325
Novo Horizonte,BR,-21.4681,-49.2208,38324
Orlandia,BR,-20.7203,-47.8867,38319
Chikodi,IN,16.429,74.5859,38307
Khairtal,IN,27.8043,76.6386,38298
Iturama,BR,-19.7281,-50.1956,38295
Pathanamthitta,IN,9.2667,76.7833,38285
Tandlianwala,PK,31.0336,73.1327,38285
Sao Pedro,BR,-22.5486,-47.9139,38256
Chorod,IN,11.6277,75.5915,38245
Nandigama,IN,16.7717,80.286,38219
Indi,IN,17.1774,75.9526,38217
Chak Azam Sahu,PK,30.752,73.0283,38216
Kondli,IN,28.6117,77.3267,38207
Rio Brilhante,BR,-21.8019,-54.5464,38186
Bheramara,BD,24.0245,88.9923,38159
Nildoh,IN,21.1107,78.9891,38157
Sento Se,BR,-9.7458,-41.8853,38154
Kabnur,IN,16.7017,74.4395,38146
Malavalli,IN,12.3856,77.0605,38129
Plettenberg Bay,ZA,-34.0527,23.3716,38126
Canaa dos Carajas,BR,-6.5239,-49.8517,38103
Entre Rios,BR,-11.9419,-38.0844,38098
Suluru,IN,13.7,80.0167,38065
Kaman,IN,27.6579,77.2691,38040
Nova Olinda do Norte,BR,-3.8917,-59.0954,38026
Chetwayi,IN,10.5289,76.0479,38011
Nongthymmai,IN,25.5637,91.9064,38004
Shahbazpur,IN,26.3051,87.2887,38000
Wadi,IN,17.0518,76.9905,37988
Phultala,BD,22.7167,89.5119,37985
Ulianopolis,BR,-3.7419,-47.4947,37972
Tirupati NMA,IN,13.6323,79.4857,37968
Rolim de Moura do Guapore,BR,-13.0827,-62.2773,37949
Gauribidanur,IN,13.6107,77.5174,37947
Tasgaon,IN,17.037,74.6017,37945
Agar,IN,23.7118,76.0157,37917
Rajakilpakkam,IN,12.9194,80.1697,37906
Dukuria,BD,23.711,90.3741,37894
Pedro II,BR,-4.4247,-41.4586,37894
Gharonda Neemka Bangar,IN,28.6164,77.288,37876
Dibai,IN,28.2085,78.2617,37873
Robertsganj,IN,24.6886,83.0678,37855
Pen,IN,18.7373,73.096,37852
Tarikere,IN,13.7095,75.8138,37848
Maudaha,IN,25.6831,80.1142,37844
Mateus Leme,BR,-19.9864,-44.4278,37841
Santaluz,BR,-11.2558,-39.3747,37834
Gharaunda,IN,29.5369,76.9714,37816
Sathyamangalam,IN,11.5053,77.2383,37816
Pentecoste,BR,-3.7928,-39.2703,37813
Baniachang,BD,24.5186,91.3579,37807
Cheyyar,IN,12.6605,79.5431,37802
Loralai,PK,30.3705,68.5979,37787
Sonepur,IN,25.6961,85.1667,37776
Niwai,IN,26.3607,75.9184,37765
Gogri Jamalpur,IN,25.4112,86.6593,37753
Bilasipara,IN,26.2328,90.2341,37739
Mombaca,BR,-5.7431,-39.6275,37735
Leblon,BR,-22.9844,-43.2231,37709
Satana,IN,20.5948,74.203,37701
Rawatbhata,IN,24.9298,75.5921,37699
Massape,BR,-3.5228,-40.3428,37697
Machado,BR,-21.6747,-45.9197,37684
Agudos,BR,-22.4692,-48.9875,37680
Ellenabad,IN,29.4528,74.6612,37680
Wanadongri,IN,21.0938,78.9727,37667
Parola,IN,20.881,75.1194,37666
Tiete,BR,-23.1019,-47.7147,37663
Jaiba,BR,-15.3383,-43.6744,37660
Pathri,IN,19.2588,76.4341,37648
Bopal,IN,23.0334,72.4672,37635
Jeremoabo,BR,-10.076,-38.3473,37626
Chettipalaiyam,IN,11.1667,77.335,37620
Matozinhos,BR,-19.5578,-44.0814,37618
Pontal,BR,-21.0225,-48.0372,37607
Esplanada,BR,-11.7961,-37.945,37578
Ituverava,BR,-20.3394,-47.7806,37571
Jarinu,BR,-23.1014,-46.7283,37535
Mandeni,ZA,-29.1469,31.414,37533
Talattala,IN,8.8738,76.6716,37517
Havelian,PK,34.0535,73.1599,37509
Jhalrapatan,IN,24.542,76.1724,37506
Guariba,BR,-21.36,-48.2283,37498
Zira,IN,30.9685,74.9911,37498
Turiacu,BR,-1.6633,-45.3717,37491
Grabouw,ZA,-34.1515,19.0151,37490
Leh,IN,34.165,77.584,37475
Kanker,IN,20.2719,81.4918,37442
Cansancao,BR,-10.6672,-39.4992,37439
Porteirinha,BR,-15.7433,-43.0283,37438
Sarangpur,IN,23.5665,76.4731,37435
Sandur,IN,15.0861,76.5469,37431
Bangarmau,IN,26.8912,80.2115,37425
Kanigiri U,IN,15.4064,79.507,37420
Posse,BR,-14.0931,-46.3694,37414
Ipanema,BR,-22.9844,-43.2028,37392
Jaito,IN,30.4513,74.8919,37377
Alianca,BR,-7.6033,-35.2308,37372
Dongargarh,IN,21.1889,80.7546,37372
Phulbani,IN,20.481,84.2306,37371
Lukwatini,ZA,-26.055,30.8229,37362
Malayinkeezhu,IN,8.4902,77.0374,37350
Attingal,IN,8.6961,76.8151,37346
Perunkalattu,IN,12.9182,80.0824,37342
Morsi,IN,21.3403,78.0126,37333
Nossa Senhora da Gloria,BR,-10.2183,-37.4203,37324
Santa Cruz,BR,-6.2294,-36.0228,37313
Sao Manuel,BR,-22.7311,-48.5706,37289
Pilibangan,IN,29.4496,74.1009,37288
Nelamangala,IN,13.0998,77.3936,37232
Sindgi,IN,16.9188,76.2337,37226
Vettur,IN,8.7174,76.7258,37219
Bhadgaon,IN,20.669,75.2294,37214
Presidente Figueiredo,BR,-2.0344,-60.025,37193
Bom Jesus do Itabapoana,BR,-21.1339,-41.6797,37172
Ratia,IN,29.6903,75.5769,37152
Sao Caitano,BR,-8.3258,-36.1428,37126
Sirur,IN,18.8276,74.3748,37111
Ashta,IN,16.9494,74.4094,37105
Lalganj,IN,25.8689,85.1739,37098
Tinnanur,IN,13.1145,80.0271,37095
Oeiras,BR,-7.0253,-42.1311,37085
Bandipura,IN,34.4173,74.6431,37081
Pedreiras,BR,-4.5689,-44.5919,37050
Pujali,IN,22.4679,88.1452,37047
Garhmuktesar,IN,28.7873,78.1021,37043
Santa Rita,BR,-3.139,-44.3252,37035
Giyani,ZA,-23.3025,30.7187,37024
Bahadurganj,IN,26.2617,87.8244,36993
Dom Pedrito,BR,-30.9828,-54.6731,36981
Nakodar,IN,31.1259,75.4751,36973
Lunavada,IN,23.1284,73.6104,36954
Campos Novos,BR,-27.4017,-51.225,36932
Castelo,BR,-20.6036,-41.1847,36930
Vazhayur,IN,11.2173,75.8999,36909
Pimenta Bueno,BR,-11.6725,-61.1936,36881
Hojai,IN,26.0028,92.856,36869
Akbarpur,IN,26.4295,82.5343,36865
Muizenberg,ZA,-34.097,18.4797,36857
Sarzedo,BR,-20.0353,-44.1447,36844
Missao Velha,BR,-7.2497,-39.1431,36822
Pipar,IN,26.3844,73.5439,36810
Lanka,IN,25.9291,92.9486,36805
Ipueiras,BR,-4.5417,-40.7189,36798
Tuensang,IN,26.267,94.8242,36774
Vuyyuru,IN,16.3631,80.8441,36755
Lakshmeshwar,IN,15.1269,75.4694,36754
Kumta,IN,14.4285,74.4189,36719
Aracuai,BR,-16.8497,-42.0703,36712
Yaval,IN,21.1677,75.6976,36706
Tilda Newra,IN,21.5532,81.8019,36682
Itambe,BR,-7.4103,-35.1128,36652
Brejo,BR,-3.6844,-42.7503,36651
Jose Bonifacio,BR,-21.0528,-49.6883,36633
Kattivakkam,IN,13.2167,80.3167,36617
Peringottupulam,IN,11.0268,76.0987,36602
Fraiburgo,BR,-27.0261,-50.9214,36584
Sohna,IN,28.2474,77.0654,36552
Patamundai,IN,20.5781,86.5606,36528
Amargosa,BR,-13.0303,-39.6047,36521
Kodaikanal,IN,10.2393,77.4893,36501
Ichchapuram,IN,19.1139,84.6872,36493
Sarankhola,BD,22.3101,89.7911,36470
Daryapur,IN,20.9249,77.3264,36463
Ipero,BR,-23.3503,-47.6886,36459
Chunar,IN,25.1278,82.8821,36459
Aminpur,IN,17.5242,78.3227,36452
Mungeli,IN,22.0657,81.6854,36450
Barnagar,IN,23.0489,75.378,36438
Purna,IN,19.1817,77.0257,36433
Lakki,PK,32.6072,70.9123,36391
Khunti,IN,23.076,85.2782,36390
Nargund,IN,15.723,75.3867,36291
Parappur,IN,11.0121,75.9947,36270
Neem ka Thana,IN,27.7398,75.7865,36231
Vilappil,IN,8.5222,77.04,36212
Aparecida,BR,-22.8469,-45.2297,36185
Nilanga,IN,18.1167,76.7528,36172
Naharlagun,IN,27.1047,93.6952,36158
Boisar,IN,19.8036,72.756,36151
Hangu,PK,33.532,71.0595,36150
Bodoco,BR,-7.7783,-39.9411,36145
Campo Novo do Parecis,BR,-13.6753,-57.8919,36143
Ausa,IN,18.2473,76.4993,36118
Petrolandia,BR,-8.9792,-38.2194,36104
Girau do Ponciano,BR,-9.8842,-36.8289,36102
Apodi,BR,-5.6642,-37.7989,36093
Sadabad,IN,27.4382,78.0376,36093
Risalpur Cantonment,PK,34.0605,71.9928,36074
Piumhi,BR,-20.4653,-45.9581,36062
Bindki,IN,26.0361,80.5762,36058
Mahalingpur,IN,16.3888,75.1087,36055
Ravu,IN,22.6373,75.8147,36055
Setor Complementar de Industria e Abastecimento,BR,-15.7822,-47.9882,36042
Malpura,IN,26.2838,75.3646,36028
Bramhapuri,IN,20.6111,79.861,36025
Wai,IN,17.9528,73.8906,36025
Shikaripura,IN,14.2698,75.3564,36015
Shirdi,IN,19.7662,74.4774,36004
Neduva,IN,11.0567,75.8668,35996
Venganoor,IN,8.3964,77.0033,35963
Shibganj,BD,24.685,88.1564,35961
Colinas do Tocantins,BR,-8.0592,-48.475,35957
Ramanattukara,IN,11.178,75.8689,35937
Mokokchung,IN,26.3248,94.5183,35913
Pinjaur,IN,30.7987,76.9182,35912
Vassouras,BR,-22.4039,-43.6625,35904
Madayi,IN,12.0343,75.2378,35888
Partur,IN,19.5993,76.2154,35883
Santa Teresa,BR,-22.9177,-43.1881,35873
Calcutta,ZA,-24.9832,31.2349,35864
Talakkad,IN,10.8846,75.9309,35820
Krishnarajasagara,IN,12.4398,76.3828,35805
Marialva,BR,-23.485,-51.7917,35804
Igarape-Acu,BR,-1.1289,-47.62,35797
Itaqui,BR,-29.1253,-56.5531,35768
Jhabua,IN,22.7677,74.5909,35753
Madipakkam,IN,12.9623,80.1986,35752
Karala,IN,28.7355,77.0352,35730
Eirunepe,BR,-6.6603,-69.8736,35700
Gariadhar,IN,21.5389,71.5774,35692
Kakrala,IN,27.8927,79.1945,35690
Ipora,BR,-16.4419,-51.1178,35684
Bidasar,IN,27.836,74.3178,35683
Lahar,IN,26.194,78.9414,35674
Tangi,PK,34.3009,71.6524,35659
Ambasamudram,IN,8.7107,77.4519,35645
Adamantina,BR,-21.6853,-51.0725,35642
Islampur,IN,25.1408,85.2059,35641
Kaipamangalam,IN,10.335,76.1392,35626
Medchal,IN,17.6297,78.4814,35611
Ganaur,IN,29.1302,77.0183,35603
Sholinganallur,IN,12.89,80.2313,35602
Kovur,IN,14.5005,79.9852,35600
Tuljapur,IN,18.008,76.0701,35596
Riacho de Santana,BR,-13.6092,-42.9389,35593
Ilhabela,BR,-23.7781,-45.3581,35591
Barpeta Road,IN,26.5028,90.9694,35571
Uravakonda,IN,14.9435,77.2549,35565
Porto Uniao,BR,-26.2381,-51.0783,35543
Babina,IN,25.2395,78.4703,35538
Rafiganj,IN,24.8176,84.6345,35536
Stutterheim,ZA,-32.5708,27.424,35510
Umarga,IN,17.8384,76.6233,35477
Igatpuri,IN,19.6952,73.5626,35461
Perumanna,IN,11.2529,75.8906,35460
Budhana,IN,29.288,77.4753,35442
Garibaldi,BR,-29.2561,-51.5336,35440
Feijo,BR,-8.1654,-70.3549,35426
Domingos Martins,BR,-20.3633,-40.6592,35416
Lingsugur,IN,16.1588,76.5217,35411
Dwarsloop,ZA,-24.7946,31.1028,35397
Rajpipla,IN,21.8667,73.5,35392
Camamu,BR,-13.947,-39.1026,35382
Dharangaon,IN,21.0119,75.2741,35375
Pilar,BR,-9.5972,-35.9567,35370
Mahemdavad,IN,22.8236,72.7555,35368
Pilao Arcado,BR,-10.0005,-42.4798,35357
Conceicao do Jacuipe,BR,-12.3167,-38.7667,35308
Karamsad,IN,22.5424,72.9039,35285
Surandai,IN,8.9757,77.4192,35272
Mehrabpur,PK,28.1077,68.0255,35263
Manali,IN,13.1667,80.2667,35248
Waris Aliganj,IN,25.0172,85.6405,35243
Pulgaon,IN,20.722,78.3206,35238
Matinhos,BR,-25.8322,-48.5397,35219
Usilampatti,IN,9.9694,77.7862,35219
Baturite,BR,-4.3286,-38.8847,35218
Puzhathi,IN,11.9011,75.3892,35212
Presidente Venceslau,BR,-21.8761,-51.8439,35201
Perunad,IN,8.949,76.6427,35173
Karamadai,IN,11.2406,76.9601,35166
Giddalur,IN,15.3744,78.9261,35150
Atmakur,IN,15.8811,78.587,35137
Pappinissheri,IN,11.9566,75.3403,35134
Promissao,BR,-21.5367,-49.8581,35131
Poco Redondo,BR,-9.805,-37.6844,35122
Juara,BR,-11.255,-57.5197,35121
Vijapur,IN,23.5623,72.7485,35118
Laranjal do Jari,BR,-0.826,-52.506,35114
Rawatsar,IN,29.2672,74.4029,35102
Dubrajpur,IN,23.7902,87.3765,35087
Karumattampatti,IN,11.1093,77.182,35062
Jalalabad,IN,27.7263,79.6552,35051
Ubajara,BR,-3.8544,-40.9211,35047
Ouro Preto do Oeste,BR,-10.7481,-62.2158,35044
Nanuque,BR,-17.8392,-40.3539,35038
Jaguariaiva,BR,-24.2442,-49.7093,35027
Charqueadas,BR,-29.9547,-51.6253,35012
Marancheri,IN,10.7405,75.971,35011
Parnarama,BR,-5.6817,-43.0933,35008
Prado,BR,-17.3411,-39.2208,35003
Podaturpet,IN,13.2817,79.4854,35000
Malakwal City,PK,32.5549,73.2122,35000
Curralinho,BR,-1.8136,-49.7953,34994
Padre Bernardo,BR,-15.1654,-48.2842,34967
Niquelandia,BR,-14.4739,-48.4597,34964
Shahabad,IN,28.5668,79.0096,34962
Khangah Dogran,PK,31.8329,73.6221,34949
Peruvallur,IN,11.1048,75.9327,34941
Rairangpur,IN,22.2667,86.1739,34929
Sirkazhi,IN,11.2372,79.7358,34927
Kichha,IN,28.9115,79.5201,34904
Vijayapura,IN,13.2972,77.8018,34866
Sao Jose do Belmonte,BR,-7.8614,-38.7597,34843
Hebbagodi,IN,12.8263,77.6809,34827
Chemancheri,IN,11.4048,75.7236,34819
Erattupetta,IN,9.6875,76.7789,34814
Ramdurg,IN,15.9458,75.2978,34800
Santa Fe do Sul,BR,-20.2111,-50.9258,34794
Narang Mandi,PK,31.9038,74.5159,34778
Jamadoba,IN,23.7167,86.4,34774
Humansdorp,ZA,-34.029,24.7691,34733
Safidon,IN,29.406,76.6704,34728
Theunissen,ZA,-28.411,26.7011,34718
Bolarum,IN,17.5561,78.3482,34667
Bareli,IN,23.0044,78.2301,34663
Eramala,IN,11.6859,75.591,34658
Itapemirim,BR,-21.0111,-40.8339,34656
Rio Pardo,BR,-29.9897,-52.3781,34654
Shikarpur,IN,28.2807,78.0141,34649
Sankeshwar,IN,16.2565,74.4819,34637
Boca do Acre,BR,-8.7522,-67.3978,34635
Pirgaaj,BD,25.8559,88.3594,34606
Malakwal,PK,32.5545,73.2127,34589
Thabazimbi,ZA,-24.5917,27.4115,34561
Bajitpur,BD,24.2162,90.95,34560
Karjat,IN,18.9107,73.3235,34554
Bakhtiyarpur,IN,25.4618,85.5318,34533
Bagasra,IN,21.4872,70.9552,34521
Mandaguari,BR,-23.521,-51.6818,34515
Capela,BR,-10.5033,-37.0528,34514
Villiappally,IN,11.625,75.6287,34502
Aymanam,IN,9.6068,76.5006,34470
Bela Vista de Goias,BR,-16.9728,-48.9533,34445
Char Bhadrasan,BD,23.3092,90.227,34423
Itaporanga d'Ajuda,BR,-10.9981,-37.3106,34411
Rio Negro,BR,-26.1058,-49.7975,34411
Margate,ZA,-30.8636,30.3705,34407
Angamali,IN,10.1905,76.3879,34399
Sao Domingos do Maranhao,BR,-5.5758,-44.3853,34384
Villianur,IN,11.9139,79.7557,34383
Lalsot,IN,26.5595,76.3291,34363
Mehidpur,IN,23.4888,75.658,34362
Mae do Rio,BR,-2.0464,-47.5506,34353
Sao Joaquim de Bicas,BR,-20.0492,-44.2739,34348
Barra Bonita,BR,-22.4947,-48.5581,34346
Soyagaon,IN,20.5525,74.5069,34341
Ranipur,PK,27.2872,68.5062,34337
Sangola,IN,17.4395,75.1938,34321
Matuail,BD,23.7121,90.4598,34310
Sertania,BR,-8.0736,-37.2644,34271
Nova Cruz,BR,-6.4781,-35.4339,34269
Sao Desiderio,BR,-12.3633,-44.9733,34266
Vedaraniyam,IN,10.3721,79.8509,34266
Utmanzai,PK,34.1878,71.7627,34257
Kuruvattur,IN,11.3361,75.8351,34241
Serra do Ramalho,BR,-13.5423,-43.5797,34222
Muddebihal,IN,16.3378,76.1317,34217
Navapur,IN,21.1616,73.794,34207
Goiatuba,BR,-18.0125,-49.3547,34202
Zaida,PK,34.0595,72.4669,34200
Khachrod,IN,23.4232,75.2819,34191
Curaca,BR,-8.9903,-39.9094,34180
Gafargaon,BD,24.432,90.5585,34177
Yanamalakuduru,IN,16.4853,80.6675,34177
Malajkhand,IN,22.0516,80.7157,34176
Vapi INA,IN,20.3601,72.9311,34162
Sao Luis de Montes Belos,BR,-16.525,-50.3722,34157
Kunigal,IN,13.0232,77.0252,34155
Kadur,IN,13.5528,76.0116,34151
Chelambra,IN,11.1509,75.8719,34149
Hamirpur,IN,25.9553,80.1484,34144
Kokrajhar,IN,26.4011,90.2729,34136
Risod,IN,19.9767,76.788,34136
Kalka,IN,30.8398,76.9407,34134
Nawabganj,IN,28.541,79.6346,34134
Palmeira,BR,-25.4294,-50.0064,34109
Rio Preto da Eva,BR,-2.698,-59.7017,34106
Kagal,IN,16.577,74.3154,34106
Guaratuba,BR,-25.8828,-48.5747,34100
Parassala,IN,8.3387,77.1542,34096
Cullinan,ZA,-25.6709,28.5236,34087
Almeirim,BR,-1.5233,-52.5817,34076
Portao,BR,-29.7017,-51.2419,34071
Titlagarh,IN,20.2896,83.1523,34067
Begamganj,IN,23.5992,78.3406,34031
Nagalapuram,IN,13.3884,79.7962,34026
Jamkhed,IN,18.7352,75.3134,34017
Pomerode,BR,-26.7406,-49.1769,34010
Fatehpur,IN,27.1728,81.2106,34010
Itaiba,BR,-8.9475,-37.4228,33995
Dipayal,NP,29.2608,80.94,33968
Elampalloor,IN,8.9558,76.6739,33959
Jayamkondacholapuram,IN,11.2127,79.3637,33945
Matoes,BR,-5.5189,-43.1989,33943
Eldorado dos Carajas,BR,-6.1042,-49.3553,33940
Tudiyalur,IN,11.0816,76.9446,33924
Alankod,IN,10.746,76.0348,33918
Shahpura,IN,27.3912,75.9596,33895
Itiuba,BR,-10.6917,-39.8536,33872
Elayavur,IN,11.8892,75.4124,33853
Guledagudda,IN,16.0502,75.79,33851
Wembesi,ZA,-29.0491,29.7823,33849
Whittlesea,ZA,-32.1759,26.8244,33844
Miguel Alves,BR,-4.1656,-42.8953,33833
Iramallur,IN,10.0619,76.5717,33829
Piro,IN,25.3322,84.4045,33785
Concordia do Para,BR,-2.0017,-47.9497,33781
Guskhara,IN,23.4928,87.7348,33780
Braco do Norte,BR,-28.275,-49.1656,33773
Umreth,IN,22.6988,73.1156,33762
Americo Brasiliense,BR,-21.7244,-48.1017,33757
Narsipatnam,IN,17.6671,82.6124,33757
Gurupa,BR,-1.405,-51.64,33755
Bahjoi,IN,28.395,78.6266,33752
Jaguarari,BR,-10.2639,-40.1958,33746
Varzea da Palma,BR,-17.5976,-44.7337,33744
Dharmabad,IN,18.8912,77.8494,33741
Kashmor,PK,28.4326,69.5836,33732
Jaguaribe,BR,-5.8906,-38.6219,33726
Barreirinha,BR,-2.7933,-57.07,33722
Vemalwada,IN,18.4652,78.8689,33706
Colgong,IN,25.2633,87.2326,33700
Basudebpur,IN,21.1197,86.729,33690
Pitangueiras,BR,-21.0094,-48.2217,33674
Rajakhera,IN,26.898,78.171,33666
Penha,BR,-26.7694,-48.6458,33663
Aracoiaba da Serra,BR,-23.5053,-47.6142,33656
Colider,BR,-10.8178,-55.4508,33649
Hailakandi,IN,24.6839,92.561,33637
Jagatsinghapur,IN,20.2557,86.1711,33631
Alipur,PK,29.3824,70.9111,33601
Peixoto de Azevedo,BR,-10.2231,-54.9797,33599
Morro do Chapeu,BR,-11.5485,-41.158,33594
Cachoeira,BR,-12.6014,-38.9658,33567
Gevrai,IN,19.2637,75.7501,33562
Cacapava do Sul,BR,-30.5144,-53.485,33548
Bagh,PK,33.9811,73.7761,33548
Madikeri,IN,12.426,75.7382,33540
Kopaganj,IN,26.0192,83.5663,33539
Acornhoek,ZA,-24.5878,31.0947,33529
Ribeirao,BR,-8.5144,-35.3778,33507
Thana Bhawan,IN,29.5861,77.4181,33498
Pundri,IN,29.761,76.5603,33484
Vagholi,IN,18.5823,73.983,33479
Urbano Santos,BR,-3.2078,-43.4036,33459
Naudero,PK,27.6668,68.3609,33455
Birmitrapur,IN,22.4,84.7667,33442
Exu,BR,-7.5119,-39.7242,33436
Monteiro,BR,-7.8894,-37.12,33433
Chaksu,IN,26.6051,75.9481,33432
Bloemhof,ZA,-27.6469,25.607,33432
Darsi,IN,15.7698,79.6794,33418
Zaidpur,IN,26.8309,81.3293,33397
Harrismith,ZA,-28.2728,29.1295,33390
Riachao do Jacuipe,BR,-11.8069,-39.3856,33386
Remuna,IN,21.528,86.8716,33378
Puthenvelikara,IN,10.1851,76.2454,33372
Amli,IN,20.2833,73.0167,33369
Assis Chateaubriand,BR,-24.42,-53.5214,33340
Ourilandia do Norte,BR,-6.7547,-51.0839,33335
Pocone,BR,-16.2567,-56.6228,33315
Guaira,BR,-24.082,-54.2462,33310
Anupgarh,IN,29.1911,73.2086,33309
Estreito,BR,-6.5557,-47.4415,33294
Sao Luiz Gonzaga,BR,-28.4083,-54.9608,33293
Joao Camara,BR,-5.5375,-35.8197,33290
Cravinhos,BR,-21.3403,-47.7294,33281
Salaya,IN,22.3104,69.6038,33246
Idangansalai,IN,11.6272,77.989,33245
Capim Grosso,BR,-11.3811,-40.0128,33235
Maragogi,BR,-9.0122,-35.2225,33232
Kosamba,IN,21.462,72.9584,33221
Palmeira das Missoes,BR,-27.8994,-53.3136,33216
Araguatins,BR,-5.6508,-48.1112,33205
Robertson,ZA,-33.8034,19.8854,33204
Basavana Bagevadi,IN,16.5728,75.9725,33198
Muhammadabad,IN,25.6191,83.7558,33186
Mtubatuba,ZA,-28.4179,32.1848,33182
Lakhyabad,IN,23.6667,86.6667,33162
Aya Nagar,IN,28.472,77.1327,33123
Umaria,IN,23.5247,80.8372,33114
Bom Jardim,BR,-3.5428,-45.6085,33100
Catende,BR,-8.6667,-35.7167,33086
Chanderi,IN,24.7131,78.1381,33081
Ajanur,IN,12.3361,75.093,33079
Empangeni,ZA,-28.762,31.8933,33075
Manendragarh,IN,23.2134,82.2023,33071
Taiobeiras,BR,-15.8078,-42.2331,33050
Touros,BR,-5.1989,-35.4608,33035
Ramgarh,IN,28.171,74.9797,33024
Bhadasar,IN,28.3146,74.2895,33006
Itamarandiba,BR,-17.8572,-42.8589,32948
Imbituva,BR,-25.23,-50.6044,32940
Srvanampatti,IN,11.0764,77.0045,32920
Bhokar,IN,19.2193,77.6696,32899
Patratu,IN,23.6651,85.3035,32899
Aguai,BR,-22.0594,-46.9786,32888
Sanchor,IN,24.7536,71.7728,32875
Kurumbapet,IN,11.9398,79.7713,32871
Vitoria do Mearim,BR,-3.4622,-44.8706,32861
Tangua,BR,-22.7303,-42.7142,32858
Kaimganj,IN,27.5544,79.3353,32858
Oeiras do Para,BR,-2.0031,-49.8544,32850
Bamaur,IN,26.339,78.101,32838
Heilbron,ZA,-27.2812,27.9709,32836
Janjgir,IN,22.0092,82.5778,32833
Egra,IN,21.8995,87.5379,32832
Igrejinha,BR,-29.5744,-50.7903,32808
Bihariganj,IN,25.7341,86.9884,32805
Pombal,BR,-6.7703,-37.8017,32802
Teutonia,BR,-29.4481,-51.8064,32797
Arraial do Cabo,BR,-22.9661,-42.0278,32794
Mushabani,IN,22.5114,86.4571,32761
Udaipur,IN,23.5333,91.4833,32758
Dighwara,IN,25.7443,85.01,32741
Ngur,IN,23.538,93.3732,32734
Garhakota,IN,23.7791,79.1432,32726
Bela Cruz,BR,-3.0506,-40.1678,32722
Sao Sebastiao,BR,-9.9336,-36.5542,32701
Vengola Kizhakkumbagam,IN,10.0637,76.4761,32697
Itatiaia,BR,-22.4961,-44.5633,32694
Mamun,IN,32.2824,75.6983,32689
Nanjikkottai,IN,10.7293,79.1424,32689
Canavieiras,BR,-15.675,-38.9472,32683
Bijuri,IN,23.2524,82.1167,32682
Santana do Acarau,BR,-3.4606,-40.2122,32654
Ghugus,IN,19.9381,79.1119,32654
Setharja Old,PK,27.2127,68.4688,32651
Rorainopolis,BR,0.9461,-60.4181,32647
Taranagar,IN,28.6686,75.0321,32640
Nepanagar,IN,21.4538,76.3933,32611
Badarganj,BD,25.6742,89.0538,32600
Badepalli,IN,16.7549,78.1443,32598
Irituia,BR,-1.7711,-47.4381,32595
Nautanwa,IN,27.4275,83.4179,32587
Pirzadaguda,IN,17.3945,78.5905,32586
Hisua,IN,24.8336,85.4173,32585
Shamshabad,IN,17.2519,78.4184,32583
Vallabh Vidyanagar,IN,22.5333,72.9,32581
Cicero Dantas,BR,-10.6,-38.3833,32576
Erraguntla,IN,14.6385,78.5397,32574
Pinhao,BR,-25.6956,-51.6597,32559
Edappal,IN,10.7834,76.0079,32550
Manuguru,IN,17.9302,80.8267,32539
Soro,IN,21.2785,86.6883,32531
Rio Branco do Sul,BR,-25.19,-49.3142,32517
Penalva,BR,-3.2942,-45.1736,32511
Ulliyeri,IN,11.4525,75.7666,32509
Saoner,IN,21.3851,78.9215,32498
Muttayyapuram,IN,8.7498,78.1311,32494
Manwath,IN,19.3013,76.4973,32488
Jeffreys Bay,ZA,-34.0453,24.9215,32477
Dhandhuka,IN,22.3819,71.9866,32475
Jujuvadi,IN,12.7679,77.7918,32474
Hatta,IN,24.1341,79.6012,32465
Correntina,BR,-13.3433,-44.6367,32457
Howick,ZA,-29.4779,30.2306,32453
Jagdispur,IN,25.4681,84.4194,32447
Richmond,ZA,-29.872,30.2723,32445
Careiro,BR,-3.7681,-60.3692,32442
Almora,IN,29.5971,79.6591,32442
Thuraiyur,IN,11.148,78.5991,32439
Santana do Araguaia,BR,-9.335,-50.35,32413
Nova Russas,BR,-4.7067,-40.5631,32408
Saknepalli,IN,18.9286,79.4571,32385
Anta,IN,25.15,76.3,32377
Pires do Rio,BR,-17.2997,-48.2794,32373
Gajendragarh,IN,15.7363,75.9698,32359
Narsinghgarh,IN,23.7076,77.0932,32329
Kalyandurg,IN,14.5452,77.1055,32328
De Aar,ZA,-30.6497,24.0123,32318
Chittur,IN,10.6997,76.7471,32298
Madhapar,IN,23.2376,69.6995,32293
Chhabra,IN,24.6647,76.8438,32285
Itapicuru,BR,-11.3167,-38.2333,32261
Trindade,BR,-7.7619,-40.2678,32257
Manamadurai,IN,9.6732,78.471,32257
Sao Gabriel da Palha,BR,-19.0181,-40.5373,32252
Guanhaes,BR,-18.775,-42.9325,32244
Sao Bento,BR,-6.2833,-37.75,32235
Paraipaba,BR,-3.4394,-39.1483,32216
Nazare da Mata,BR,-7.7417,-35.2278,32187
Estrela,BR,-29.5019,-51.9664,32183
Gandu,BR,-13.7439,-39.4867,32178
Ibate,BR,-21.9547,-47.9967,32178
Tiruchchendur,IN,8.4972,78.1191,32171
Bisauli,IN,28.3077,78.9368,32154
Coxim,BR,-18.5067,-54.76,32151
Kangayam,IN,11.006,77.5609,32147
Laranjeiras do Sul,BR,-25.4078,-52.4161,32139
Sao Domingos do Capim,BR,-1.6742,-47.7711,32139
Mannanchori,IN,9.5722,76.3525,32139
Kakching,IN,24.4982,93.9813,32138
Turaiyur,IN,11.1497,78.5987,32134
Bijaynagar,IN,25.9298,74.6492,32124
Ferokh,IN,11.1799,75.8414,32122
Palotina,BR,-24.2839,-53.84,32121
Campo Alegre,BR,-9.7819,-36.3508,32106
Ouro Fino,BR,-22.2831,-46.3689,32094
Dhamnod,IN,22.2093,75.4706,32093
Barrinha,BR,-21.1936,-48.1639,32092
Jora Khurd,IN,26.4893,77.9758,32087
Pavugada,IN,14.0995,77.2802,32063
Thenhippalam,IN,11.1323,75.8822,32045
Macau,BR,-5.115,-36.6344,32039
Sao Miguel Arcanjo,BR,-23.8783,-47.9972,32039
Brasilia de Minas,BR,-16.2064,-44.4333,32025
Halvad,IN,23.0152,71.1803,32024
Meerpet,IN,17.321,78.5305,32013
Zamania,IN,25.4196,83.5579,32008
Bhatkal,IN,13.9853,74.5553,32000
Malkapur,IN,17.2621,74.1757,32000
Makhdumpur,IN,25.0657,84.9725,31994
Medicilandia,BR,-3.4461,-52.8889,31975
Shafi Pur Ranhola,IN,28.6573,77.04,31944
Alto Alegre do Pindare,BR,-3.6707,-45.8475,31943
Nisia Floresta,BR,-6.0911,-35.2086,31942
Ivaipora,BR,-24.2478,-51.6847,31935
Santo Antonio do Taua,BR,-1.1519,-48.1294,31918
Xaxim,BR,-26.9617,-52.5347,31918
Mamu Kanjan,PK,30.8304,72.7994,31914
Jaridih,IN,23.7657,85.9386,31882
Rasra,IN,25.8576,83.8549,31876
Palmeiras de Goias,BR,-16.805,-49.9258,31858
Sadpalli,IN,17.2099,80.8364,31857
Sattur,IN,9.3559,77.9246,31856
Sharqpur Sharif,PK,31.4612,74.1009,31855
Maur,IN,30.0833,75.25,31849
Chhota Gobindpur,IN,22.7459,86.2589,31843
Sasvad,IN,18.3435,74.031,31821
Ulundi,ZA,-28.3352,31.4162,31795
Sao Luis do Quitunde,BR,-9.3183,-35.5611,31792
Bhera,PK,32.4821,72.9086,31781
Aurora do Para,BR,-2.1339,-47.5589,31773
Cabrobo,BR,-8.5142,-39.31,31762
Vilavoorkkal,IN,8.4809,77.022,31761
Descalvado,BR,-21.9039,-47.6194,31756
Kotma,IN,23.2038,81.979,31756
Dursh Khela,PK,35.0003,72.4522,31732
Kottaikuppam,IN,11.9613,79.8392,31726
Jaguaruana,BR,-4.8339,-37.7811,31701
Allanridge,ZA,-27.7543,26.6438,31700
Khaira,IN,19.7867,72.7616,31699
Talikota,IN,16.4731,76.3109,31693
Nabinagar,BD,23.8879,90.9679,31671
Puzhal,IN,13.1647,80.2039,31665
Placas,BR,-3.8678,-54.22,31659
Morrelgonj,BD,22.4557,89.8558,31647
Ibaiti,BR,-23.8486,-50.1878,31644
Turilandia,BR,-2.2203,-45.3064,31638
Floresta,BR,-8.6011,-38.5686,31627
Bariri,BR,-22.0744,-48.7403,31595
Raiwind,PK,31.249,74.2153,31592
Kalpatta,IN,11.6087,76.0834,31580
Cachoeira Paulista,BR,-22.665,-45.0094,31564
Cururupu,BR,-1.8283,-44.8683,31558
Hartbeestfontein-A,ZA,-25.4414,27.5111,31554
Ambad,IN,19.613,75.7891,31553
Lebohang,ZA,-26.3794,28.9211,31553
Ponta de Pedras,BR,-1.3903,-48.8711,31549
Rahatgarh,IN,23.7897,78.3947,31537
Sijua,IN,23.7762,86.3303,31537
Vandavasi,IN,12.5043,79.6056,31530
Tirumuruganpundi,IN,11.1649,77.3084,31528
Thanneermukkom,IN,9.6634,76.3807,31525
Vitorino Freire,BR,-4.2881,-45.2461,31522
Confresa,BR,-10.6439,-51.5689,31510
Parur,IN,10.1477,76.23,31503
Sapezal,BR,-13.5421,-58.8201,31499
Frederico Westphalen,BR,-27.3592,-53.3944,31498
Gomoh,IN,23.8736,86.1516,31495
Lavras da Mangabeira,BR,-6.7533,-38.9644,31492
Elur,IN,10.0667,76.2833,31468
Mandaguacu,BR,-23.3472,-52.0953,31457
Parambu,BR,-6.2111,-40.6944,31445
Pindare-Mirim,BR,-3.6083,-45.3433,31429
Marapong,ZA,-23.6551,27.6249,31424
Chemmumiahpet,IN,14.4629,78.8119,31416
Nova Mamore,BR,-10.4019,-65.3267,31392
Jalalpur,IN,26.3116,82.7386,31388
Kharagpur,IN,25.1245,86.5558,31385
Sri Madhopur,IN,27.466,75.5974,31366
Lumding Railway Colony,IN,25.749,93.17,31347
Guaranta do Norte,BR,-9.9505,-54.9082,31328
Rio das Pedras,BR,-22.8433,-47.6061,31328
Bagre,BR,-1.8997,-50.2082,31325
Frankfort,ZA,-27.2789,28.497,31323
Ahmedgarh,IN,30.6773,75.8263,31302
Chitapur,IN,17.1236,77.0824,31299
Jhanjharpur,IN,26.2647,86.2799,31283
Bandeirantes,BR,-23.11,-50.3675,31273
Osvaldo Cruz,BR,-21.7967,-50.8786,31272
Tracuateua,BR,-1.0761,-46.9031,31257
Naspur,IN,18.8458,79.4617,31244
Carangola,BR,-20.7331,-42.0294,31240
Singanallur,IN,10.999,77.0324,31239
Unchagao,IN,16.6975,74.2733,31238
Guararema,BR,-23.415,-46.035,31236
Esperanca,BR,-7.0331,-35.8572,31231
Bagru,IN,26.8107,75.547,31229
Cheriyamundam,IN,10.9476,75.9564,31212
Allapuram,IN,12.8951,79.1279,31211
Barra do Choca,BR,-14.8811,-40.5794,31209
Ramapuram,IN,13.1009,79.1841,31169
Rosera,IN,25.7549,86.0315,31155
Podili,IN,15.6064,79.6149,31145
Shrigonda,IN,18.6153,74.6989,31134
Kalliyassheri,IN,11.9755,75.3645,31122
Kannanendal,IN,9.9649,78.1416,31095
Pandharkawada,IN,20.0211,78.5463,31094
Mankachar,IN,25.5335,89.8637,31091
Katirur,IN,11.7849,75.5302,31087
Erandol,IN,20.9221,75.3264,31071
Adirampattinam,IN,10.3406,79.3791,31066
Flores da Cunha,BR,-29.0289,-51.1817,31063
Kurali,IN,30.8342,76.5768,31060
Pompeu,BR,-19.2244,-44.9353,31047
Guararapes,BR,-21.2608,-50.6428,31043
Jagdishpur,IN,26.7497,80.5451,31029
Ponneri,IN,13.3387,80.1949,31025
Shamsabad,IN,27.0172,78.1236,31009
Malakanagiri,IN,18.3643,81.888,31007
Sao Jose do Egito,BR,-7.4789,-37.2744,31004
Deolali,IN,19.4739,74.6206,30997
Chapadao do Sul,BR,-18.7942,-52.6228,30993
Iguape,BR,-24.7081,-47.5553,30989
Mangrul Pir,IN,20.3138,77.3418,30983
Port Alfred,ZA,-33.586,26.8833,30981
Khairpur Tamewah,PK,29.5814,72.238,30967
Narsampet,IN,17.9279,79.8923,30963
Berasia,IN,23.6313,77.4335,30951
Badami,IN,15.9149,75.6768,30943
Ladybrand,ZA,-29.1945,27.4574,30930
Pasan,IN,22.8441,82.1982,30928
Kesabpur,BD,22.9073,89.2195,30926
Pamban,IN,9.279,79.2109,30926
Banda,IN,24.0449,78.9609,30923
Kalakkadu,IN,8.5138,77.5494,30921
Kondagaon,IN,19.5908,81.664,30921
Puthuppariyaram,IN,10.8131,76.6287,30895
Vilangudi,IN,9.9458,78.0935,30884
Rudarpur,IN,26.4447,83.613,30873
Ruy Barbosa,BR,-12.2839,-40.4939,30857
Sholinghur,IN,13.1181,79.4202,30856
Manavadar,IN,21.4981,70.1377,30850
Careiro da Varzea,BR,-3.197,-59.8267,30846
Kharan,PK,28.5846,65.415,30841
Raposa,BR,-2.4231,-44.1033,30839
Mpophomeni,ZA,-29.5682,30.1862,30830
Puraini,IN,25.1426,86.9797,30829
Deulgaon Raja,IN,20.0176,76.0375,30827
Tabuleiro do Norte,BR,-5.2467,-38.1306,30807
Dharmadam,IN,11.7754,75.4646,30804
Buriti,BR,-3.9422,-42.925,30799
Madurantakam,IN,12.5117,79.8849,30796
Barao de Cocais,BR,-19.9458,-43.4872,30778
Kizhuvalam-Koonthalloor,IN,8.6625,76.8097,30770
Dharamsala,IN,32.2201,76.3201,30764
Quedas do Iguacu,BR,-25.453,-52.9046,30738
Chak Five Hundred Seventy-five,PK,31.5451,73.8289,30738
Pedana,IN,16.2558,81.1438,30721
Ipubi,BR,-7.6519,-40.1489,30720
Alem Paraiba,BR,-21.8878,-42.7044,30717
Juatuba,BR,-19.9519,-44.3428,30716
Dois Irmaos,BR,-29.5803,-51.0853,30709
Kaij,IN,18.7136,76.0672,30704
Kallamchavadi,IN,12.9531,80.1308,30702
Afonso Claudio,BR,-20.0742,-41.1239,30684
Catole do Rocha,BR,-6.3439,-37.7467,30684
Baixo Guandu,BR,-19.5189,-41.0158,30674
Campo Alegre de Lourdes,BR,-9.5173,-43.0103,30671
Un,IN,23.8875,71.7698,30671
Vadanappally,IN,10.469,76.0813,30657
Irimbiliyam,IN,10.8624,76.0922,30635
Mudbidri,IN,13.0665,74.9952,30632
Pallappatti,IN,10.7206,77.8795,30624
Nok Kundi,PK,28.827,62.7504,30621
Caarapo,BR,-22.6342,-54.8222,30612
Sao Jose da Tapera,BR,-9.5583,-37.3811,30604
Nowshera Cantonment,PK,33.9983,71.9983,30599
Cheranellur,IN,10.0543,76.2896,30594
Caetes,BR,-8.7731,-36.6225,30571
Vera Cruz,BR,-12.6333,-41.0333,30556
Maharaganj,IN,27.1446,83.5621,30548
Nagavaram,IN,17.4886,78.6021,30502
Pau dos Ferros,BR,-6.1092,-38.2044,30479
Tarakeswar,IN,22.8861,88.0136,30475
Santa Barbara,BR,-19.9594,-43.4153,30466
Siraspur,IN,28.7582,77.1309,30445
Kundapura,IN,13.6313,74.6902,30444
Espinosa,BR,-14.9261,-42.8192,30443
Uran,IN,18.8781,72.9392,30439
Luis Correia,BR,-2.8792,-41.6669,30438
Ipixuna,BR,-7.0506,-71.6947,30436
Mehar,PK,27.1803,67.8205,30429
Pontal do Parana,BR,-25.6736,-48.5111,30425
Kasba,IN,25.8564,87.5384,30421
Carlos Barbosa,BR,-29.2975,-51.5036,30420
Karjan,IN,22.0467,73.1181,30405
Muvattupuzha,IN,9.9799,76.5738,30397
Neropolis,BR,-16.4064,-49.2186,30395
Manawar,IN,22.2357,75.0892,30393
Gloria do Goita,BR,-8.0017,-35.2928,30370
Pihani,IN,27.6199,80.2034,30369
Madukkarai,IN,10.9057,76.9634,30357
Amlai,IN,23.1984,81.5806,30354
Mansa,IN,23.4256,72.6574,30347
Dharuhera,IN,28.2055,76.7969,30344
Sarkhej,IN,22.983,72.502,30341
Banmankhi Bazar,IN,25.8876,87.1936,30336
Rehli,IN,23.6372,79.0627,30329
Khairpur Nathan Shah,PK,27.0906,67.7349,30286
Udaipur,IN,27.723,75.4718,30264
Taramangalam,IN,11.694,77.9703,30222
Bhandaria,BD,22.489,90.0627,30219
Amla,IN,21.9248,78.1279,30215
Tirukkoyilur,IN,11.9662,79.2026,30212
Musiri,IN,10.953,78.4443,30209
Hirakud,IN,21.525,83.8727,30207
Khair,IN,27.9419,77.8424,30173
Rajauli,IN,24.6449,85.5003,30170
Claudio,BR,-20.4433,-44.7658,30159
Joacaba,BR,-27.1781,-51.5047,30146
Kakkalapalle,IN,14.6415,77.5668,30128
Cherukavu,IN,11.1731,75.9086,30126
Seoni Malwa,IN,22.4505,77.4665,30100
Postmasburg,ZA,-28.3339,23.0654,30089
Oddanchathiram,IN,10.4801,77.7498,30064
Fatehpur Sikri,IN,27.0937,77.66,30026
Azhiyur,IN,11.6935,75.5601,30023
Byadgi,IN,14.6732,75.4868,30014
Birpara,IN,26.7042,89.1455,30000
Cherpulassery,IN,10.8765,76.3093,30000
Pitanga,BR,-24.7572,-51.7614,29994
Soledade,BR,-28.8183,-52.5103,29991
Sombrio,BR,-29.1139,-49.6167,29991
Anchieta,BR,-20.8058,-40.6456,29984
Multai,IN,21.7746,78.2576,29976
Holenarasipura,IN,12.7864,76.2433,29974
Vila Galvao,BR,-23.4717,-46.5792,29968
Talaja,IN,21.3527,72.0352,29948
Pind Dadan Khan,PK,32.5866,73.0446,29935
Arari,BR,-3.4536,-44.78,29932
Marhaura,IN,25.9735,84.868,29932
Kareli,IN,22.9153,79.0638,29929
Baddi,IN,30.9578,76.7914,29911
Bhongaon,IN,27.2552,79.1812,29911
Panakkudi,IN,8.322,77.5771,29895
Serra Negra,BR,-22.6122,-46.7006,29894
Gadhada,IN,21.9696,71.5783,29872
Pulakkod,IN,11.3097,75.95,29872
Upper Dir,PK,35.2074,71.8768,29869
Triunfo,BR,-29.9433,-51.7181,29856
Prainha,BR,-1.8,-53.48,29846
Mukerian,IN,31.9539,75.6172,29841
Ramgarh,IN,27.251,75.1789,29834
Ariyankuppam,IN,11.8953,79.8071,29808
Karumalur,IN,10.1329,76.2799,29805
Kottarakara,IN,9.0036,76.7738,29788
Mavoor,IN,11.2667,75.9167,29781
Mookgophong,ZA,-24.5167,28.7167,29778
Ghauspur,PK,28.1388,69.0824,29767
Mathba,BD,22.2862,89.9588,29760
Shahbazpur Town,BD,24.053,91.1719,29757
Akora Khattak,PK,34.0034,72.1256,29750
Pilani,IN,28.3672,75.6035,29741
Campo Magro,BR,-25.3686,-49.4514,29740
Bom Jardim,BR,-22.1519,-42.4194,29736
Devarkonda,IN,16.6919,78.9207,29731
Rajgarh,IN,24.0083,76.7325,29726
Minad,IN,8.8503,76.6952,29716
Nedumbassery,IN,10.1565,76.4017,29706
Anajas,BR,-0.9867,-49.94,29688
Biritiba Mirim,BR,-23.5725,-46.0386,29683
Itapissuma,BR,-7.7764,-34.8922,29669
Canguaretama,BR,-6.38,-35.1289,29668
Rajura,IN,19.7795,79.3646,29668
Bilari,IN,28.6215,78.8036,29666
Muvattupula,IN,9.9849,76.5773,29664
Pedras de Fogo,BR,-7.4019,-35.1164,29662
Adur,IN,9.156,76.7319,29652
Walwadi,IN,20.9209,74.7611,29636
Puthuppally,IN,9.5575,76.5748,29635
Miranpur Katra,IN,28.0296,79.6678,29626
Raisinghnagar,IN,29.5358,73.4492,29626
Kidarakulam,IN,8.5669,76.9913,29624
Paty do Alferes,BR,-22.4286,-43.4186,29619
Kuttuparamba,IN,11.8277,75.5659,29619
Arangaon,IN,19.0268,74.7149,29591
Pakridayal,IN,26.5627,85.0452,29582
Sao Gabriel do Oeste,BR,-19.3953,-54.5664,29579
Dhanera,IN,24.5097,72.0234,29578
Kalur Kot,PK,32.1551,71.2663,29578
Iguaba Grande,BR,-22.8392,-42.2289,29577
Barra do Bugres,BR,-15.0725,-57.1811,29576
Chengamanad,IN,10.1541,76.3416,29576
Lakheri,IN,25.6724,76.1769,29572
Kalavoor,IN,9.5705,76.3276,29564
Burirchar,BD,22.1399,90.2064,29542
Cambui,BR,-22.6122,-46.0575,29536
Behror,IN,27.8883,76.2811,29531
Reddipalaiyam,IN,13.1078,80.1206,29511
Zunheboto,IN,25.9667,94.5167,29499
Rajaori,IN,33.3753,74.3092,29486
Santa Vitoria do Palmar,BR,-33.5189,-53.3681,29483
Sankagiri,IN,11.476,77.8664,29467
Mharal Bk,IN,19.2459,73.1771,29462
Mainaguri,IN,26.5626,88.8204,29459
Nedumpana,IN,8.908,76.693,29454
Candido Mota,BR,-22.7464,-50.3869,29449
Puttankulam,IN,8.8138,76.7179,29447
Nagar Karnul,IN,16.4821,78.3247,29439
Sagwara,IN,23.6795,74.0201,29439
Piraju,BR,-23.1936,-49.3839,29436
Ibrahimpatnam,IN,16.583,80.5143,29432
Bujaru,BR,-1.515,-48.0447,29427
Vadakku Valliyur,IN,8.3829,77.6122,29417
Jamtara,IN,23.963,86.8029,29415
Espigao dOeste,BR,-11.5247,-61.0128,29414
Muritiba,BR,-12.6264,-38.99,29410
Khedbrahma,IN,24.0299,73.0463,29402
Tirukkalikkunram,IN,12.608,80.0555,29391
Talakkolattur,IN,11.3537,75.758,29388
Bela,PK,26.2272,66.3118,29380
Palkonda,IN,18.6037,83.7557,29378
Guacui,BR,-20.7756,-41.6794,29358
Cheruthazham,IN,12.081,75.2627,29348
Dhari,IN,21.3285,71.0264,29346
Amballur,IN,10.4343,76.2634,29341
Koovappady,IN,10.1553,76.4854,29339
Thal,PK,35.4784,72.2438,29331
Chendamangalam,IN,10.1632,76.2346,29326
Jewar,IN,28.122,77.5573,29316
Nawapara,IN,20.9717,81.8588,29315
Tarsadi,IN,21.47,72.9521,29305
Ner,IN,20.4897,77.8663,29302
Iuna,BR,-20.3458,-41.5358,29290
Limoeiro do Ajuru,BR,-1.8953,-49.3806,29282
Shahpura,IN,25.6209,74.9249,29259
Paratinga,BR,-12.6906,-43.1842,29252
Vijayapuram,IN,9.5912,76.5612,29248
Husainabad,IN,24.5285,84.0,29241
Udaipurwati,IN,27.7301,75.4716,29236
Bachhraon,IN,28.9269,78.2346,29232
Jandiala Guru,IN,31.562,75.0277,29232
Irinjalakuda,IN,10.3424,76.2112,29208
Renwal,IN,27.1577,75.3581,29201
Kumbalam,IN,9.9063,76.3113,29193
Sao Joao dos Inhamuns,BR,-6.0,-40.2833,29188
Basni,IN,27.1723,73.6452,29187
Santa Cruz Cabralia,BR,-16.2781,-39.0247,29185
Timbiras,BR,-4.2553,-43.9406,29183
Tabira,BR,-7.5908,-37.5394,29180
Alegre,BR,-20.7636,-41.5331,29177
Codajas,BR,-3.8367,-62.0569,29168
Morigaon,IN,26.2491,92.3476,29164
Madhugiri,IN,13.6603,77.2124,29159
Urakam,IN,11.0512,75.9883,29157
Garh Maharaja,PK,30.8338,71.9049,29153
Ariyalur,IN,11.1385,79.0756,29144
Islamnagar,IN,28.329,78.7252,29144
Ponmana,IN,9.008,76.5202,29139
Mahendragarh,IN,28.2693,76.1525,29128
Mudalgi,IN,16.3368,74.9677,29128
Nakrekal,IN,17.1626,79.4275,29126
Unamaucheri,IN,12.8608,80.1066,29122
Gorai,IN,19.25,72.7833,29107
Jahanian Shah,PK,31.8054,72.2774,29095
Mastung,PK,29.7997,66.8455,29082
Itaperucu,BR,-25.22,-49.3478,29070
Paripiranga,BR,-10.6875,-37.8617,29058
Pirai,BR,-22.6292,-43.8981,29054
Uttamapalaiyam,IN,9.807,77.3272,29050
Khandela,IN,27.605,75.502,29044
Sirsaganj,IN,27.0572,78.6866,29034
Nova Santa Rita,BR,-29.8522,-51.277,29024
Carmo do Paranaiba,BR,-19.0008,-46.3161,29011
Chodavaram,IN,17.8288,82.9353,29000
Manhala,PK,31.5333,74.55,29000
Umarkot,IN,19.6653,82.2063,28993
Hupari,IN,16.6167,74.4044,28953
Hajira,PK,33.7739,73.8944,28953
Suar,IN,29.0284,79.0565,28941
Humberto de Campos,BR,-2.5983,-43.4611,28932
Jaguare,BR,-18.9056,-40.0761,28931
Devadurga,IN,16.4231,76.9358,28929
Manoharpur,IN,27.2977,75.9495,28928
Candelaria,BR,-29.6692,-52.7889,28906
Nahan,IN,30.5603,77.2943,28899
Tres Marias,BR,-18.2064,-45.2417,28895
Coromandel,BR,-18.4733,-47.2003,28894
Ladwa,IN,29.9935,77.0456,28887
Gil,IN,30.8469,75.8636,28884
Piracuruca,BR,-3.9281,-41.7092,28874
Gunupur,IN,19.0804,83.8088,28870
Carinhanha,BR,-14.3047,-43.765,28869
Avinashi,IN,11.193,77.2686,28868
Santa Cruz das Palmeiras,BR,-21.8269,-47.2486,28864
Kotagiri,IN,11.4207,76.8603,28848
Ibimirim,BR,-8.5406,-37.6903,28825
Sikka,IN,22.4322,69.8416,28814
Panipat Taraf Rajputan,IN,29.3609,76.9426,28803
Valente,BR,-11.4122,-39.4619,28800
Kondotty,IN,11.1423,75.9657,28794
Minacu,BR,-13.5331,-48.22,28793
Desaiganj,IN,20.6235,79.9645,28781
Rusera,IN,25.7536,86.026,28781
Maddur,IN,12.5828,77.0429,28754
Nongstoin,IN,25.517,91.2648,28742
Itubera,BR,-13.7354,-39.1478,28740
Raikot,IN,30.65,75.6,28734
Dinapur Cantonment,IN,25.6362,85.0203,28723
Jhalod,IN,23.101,74.1554,28720
Karera,IN,25.4581,78.1358,28705
Porto da Folha,BR,-9.9172,-37.2783,28693
Murliganj,IN,25.8969,86.9958,28691
Itacare,BR,-14.2789,-38.9958,28684
Soron,IN,27.8906,78.7462,28683
Santo Antonio do Sudoeste,BR,-26.0736,-53.7253,28673
Mukher,IN,18.7064,77.3679,28647
Vandiyur,IN,9.9092,78.1609,28646
Alandi,IN,18.6776,73.8987,28645
Pattambi,IN,10.8001,76.1841,28632
Tekkali,IN,18.6057,84.2355,28631
Duliajan,IN,27.3604,95.3181,28626
Duliajan Oil Town,IN,27.3578,95.3141,28626
Anapu,BR,-3.4722,-51.1978,28607
Karaippudur,IN,11.0567,77.3061,28602
Bom Jesus das Selvas,BR,-4.4835,-46.8533,28599
Nazare,BR,-13.035,-39.0144,28594
Ambikapuram,IN,10.7939,76.653,28592
Rancharia,BR,-22.2292,-50.8931,28588
Suryampalaiyam,IN,11.4045,77.7123,28585
Motipur,IN,26.2527,85.1608,28572
Alangulam,IN,8.864,77.4994,28558
Addanki,IN,15.8106,79.9734,28547
Bemetara,IN,21.7156,81.5342,28536
Cajati,BR,-24.7361,-48.1228,28515
Carauari,BR,-4.8828,-66.8958,28508
Milak,IN,28.6103,79.17,28505
Losal,IN,27.4,74.9167,28504
Alirajpur,IN,22.3039,74.3557,28498
Pardi,IN,20.5087,72.9457,28495
Kinwat,IN,19.6256,78.1987,28454
Marapanim,BR,-0.7175,-47.6997,28450
Pasan,IN,23.1649,81.9286,28447
Lalgola,IN,24.4224,88.2524,28442
Goioere,BR,-24.1847,-53.0275,28437
Utraula,IN,27.3193,82.4187,28437
Mananwala,PK,31.588,73.6893,28432
Baikunthpur,IN,23.2621,82.5605,28431
Jowai,IN,25.436,92.1913,28430
Ochira,IN,9.1348,76.5117,28412
Miracema,BR,-21.4122,-42.1967,28411
Rapar,IN,23.5727,70.6472,28407
Jammu Cantonment,IN,32.7044,74.8611,28396
Banswada,IN,18.3773,77.8801,28384
Conceicao das Alagoas,BR,-19.9147,-48.3883,28381
Hosadurga,IN,13.7963,76.2841,28370
Ramanayyapeta,IN,16.9452,82.2385,28369
Prata,BR,-19.3072,-48.9242,28342
Passira,BR,-7.995,-35.5806,28340
Minjur,IN,13.2795,80.2582,28337
Sonamukhi,IN,23.3052,87.4134,28334
Kukshi,IN,22.2068,74.7579,28331
Kansad,IN,21.0747,72.8789,28327
Kalavad,IN,22.2079,70.3834,28314
Olindina,BR,-11.3667,-38.3333,28304
Jashpur Nagar,IN,22.8878,84.1386,28301
Arapoti,BR,-24.1578,-49.8267,28300
Mavelikara,IN,9.2593,76.5564,28300
Dhanaura,IN,28.9591,78.2563,28285
Jalgaon Jamod,IN,21.0519,76.5346,28276
Pallipuram,IN,9.755,76.3572,28276
Rio Pardo de Minas,BR,-15.6097,-42.5397,28271
Sujanpur,IN,32.3162,75.6074,28270
Annigeri,IN,15.4251,75.4335,28267
Piravam,IN,9.8667,76.5,28254
Alvares Machado,BR,-22.0794,-51.4719,28250
Ganderbal,IN,34.2262,74.7748,28233
Uliyazhathura,IN,8.5816,76.9224,28230
Nhlazatje,ZA,-26.0403,30.7927,28224
Miranda,BR,-20.2406,-56.3783,28220
Mandi,IN,31.7119,76.9327,28217
Atholi,IN,11.3885,75.7597,28213
Fazilpur,PK,32.1763,75.0658,28213
Cocal,BR,-3.4719,-41.5575,28212
Shiggaon,IN,14.9905,75.225,28207
Pandua,IN,23.0749,88.2864,28205
Punch,IN,33.7703,74.0925,28197
Kottaikadu,IN,12.2556,79.9823,28172
Itabela,BR,-16.575,-39.5533,28165
Hangal,IN,14.7646,75.1246,28159
Talamba,PK,30.5269,72.2408,28151
Jhadeshwar,IN,21.7136,73.0323,28148
Tupanatinga,BR,-8.7533,-37.3397,28141
Driefontein,ZA,-26.965,30.4357,28127
Miguel Pereira,BR,-22.4539,-43.4689,28123
Polur,IN,12.5122,79.124,28123
Sheohar,IN,26.5139,85.2934,28116
Perumbavoor,IN,10.1069,76.4737,28110
Gundlupet,IN,11.81,76.6903,28105
Sachin,IN,21.0872,72.8815,28102
Conchal,BR,-22.3303,-47.1725,28101
Koynanagar,IN,17.4,73.7667,28091
Casa Branca,BR,-21.7739,-47.0864,28083
Gotegaon,IN,23.0289,79.4823,28074
Kalwakurti,IN,16.664,78.4914,28060
Sheoganj,IN,25.1392,73.0678,28053
Devanahalli,IN,13.2465,77.7118,28051
Irara,BR,-12.05,-38.7667,28043
Aron,IN,24.3811,77.4174,28010
Bultfontein,ZA,-28.2876,26.15,27994
Mirandopolis,BR,-21.1336,-51.1017,27983
Hadagalli,IN,15.0205,75.9318,27967
Patran,IN,29.9577,76.0486,27963
Tharad,IN,24.396,71.6258,27954
Morro Agudo,BR,-20.7314,-48.0578,27933
Panagar,IN,23.2854,79.9951,27932
Dasna,IN,28.6774,77.5225,27926
Kulittalai,IN,10.9349,78.4125,27910
Sulur,IN,11.0243,77.1256,27909
Jhawarian,PK,32.3619,72.6227,27893
Rangia,IN,26.4493,91.6136,27889
Melgaco,BR,-1.8044,-50.7122,27881
Bamor Kalan,IN,24.893,78.151,27860
Umargam,IN,20.1972,72.7503,27859
Nalbari,IN,26.4394,91.4404,27839
Traipu,BR,-9.9706,-37.0033,27826
Pallikunnu,IN,11.8899,75.3565,27820
Nasirabad,PK,27.3814,67.9164,27809
Jaciara,BR,-15.9653,-54.9683,27807
Trittala,IN,10.803,76.1288,27796
Vadnagar,IN,23.7859,72.6389,27790
Jaswantnagar,IN,26.8827,78.9026,27777
Afzalgarh,IN,29.3937,78.6739,27753
Moncao,BR,-3.4917,-45.2511,27751
Gangapur,IN,19.6972,75.0105,27745
Presidente Tancredo Neves,BR,-13.4529,-39.4208,27734
Mahna,IN,30.228,74.9937,27733
Joao Alfredo,BR,-7.8558,-35.5883,27725
Sao Jose do Norte,BR,-32.0147,-52.0417,27721
Ballitoville,ZA,-29.539,31.2144,27718
Raipur,IN,30.311,78.0898,27702
Porto Belo,BR,-27.1578,-48.5531,27688
Aparecida do Taboado,BR,-20.0867,-51.0936,27674
Mathur,IN,13.171,80.2476,27674
Lucas,BR,-16.3333,-55.9333,27665
Lagoa Vermelha,BR,-28.2086,-51.5258,27659
Phuntsholing,BT,26.8516,89.3884,27658
Nova Prata,BR,-28.7839,-51.61,27648
Mantena,BR,-18.7817,-40.9803,27647
Barcelos,BR,-0.9736,-62.9269,27638
Bhimber,PK,32.9746,74.0785,27636
Mutum,BR,-19.8,-41.4383,27635
Quijingue,BR,-10.7525,-39.2092,27626
Pilar do Sul,BR,-23.8131,-47.7164,27619
Lagoa Seca,BR,-7.1708,-35.8536,27617
Agua Azul do Norte,BR,-6.7911,-50.4669,27615
Tehri,IN,30.3909,78.4803,27611
Magadi,IN,12.9571,77.2237,27605
Panauti,NP,27.5845,85.5149,27602
Puvatuparamba,IN,11.271,75.8894,27598
Sita Road,PK,27.0333,67.85,27587
Sao Miguel do Iguacu,BR,-25.3481,-54.2378,27576
Baspalli,IN,17.5391,78.3636,27563
Pombos,BR,-8.1414,-35.3958,27552
Novo Oriente,BR,-5.5344,-40.7742,27545
Mahad,IN,18.0833,73.4167,27536
Ezhupunna,IN,9.8211,76.2998,27528
Sankrail,IN,22.55,88.2251,27523
Lambari d'Oeste,BR,-15.3233,-58.0036,27511
Mirassol d'Oeste,BR,-15.6757,-58.0902,27511
Waraseoni,IN,21.7618,80.043,27494
Beldanga,IN,23.9343,88.2602,27489
Inaja,BR,-8.9017,-37.8239,27488
Oiapoque,BR,3.8431,-51.835,27482
Campos Sales,BR,-7.0744,-40.3761,27470
Jiladiguda,IN,17.332,78.5255,27461
Sausar,IN,21.6558,78.7967,27459
Conceicao da Barra,BR,-18.5933,-39.7322,27458
Moothakunnam,IN,10.1899,76.2008,27458
Pathirappally,IN,9.5354,76.3221,27445
Hadgaon,IN,19.4955,77.6586,27433
Chandrapura,IN,23.7488,86.1196,27425
Rajaldesar,IN,28.0285,74.4744,27419
Jardim,BR,-7.5817,-39.2835,27411
Juquitiba,BR,-23.9317,-47.0683,27404
Pachor,IN,23.7098,76.7339,27396
Santa Rita de Cassia,BR,-11.0086,-44.5194,27390
Azhoor,IN,8.6441,76.799,27390
Miranpur,IN,29.2903,77.9494,27390
Sadri,IN,25.1855,73.4529,27390
Kullattur,IN,12.9419,80.1947,27374
Balussheri,IN,11.4474,75.8294,27363
Kalanwali,IN,29.8357,74.9717,27355
Acari,BR,-22.8246,-43.3414,27347
Shakaskraal,ZA,-29.4493,31.2153,27345
Kadodara,IN,21.1616,72.9623,27336
Gaur,NP,26.7637,85.2766,27325
Chakapara,IN,22.6322,88.3486,27320
Nanminda,IN,11.4232,75.8231,27316
Mandirituba,BR,-25.7789,-49.3261,27315
Nokha,IN,25.1048,84.1162,27302
Hendrina,ZA,-26.1588,29.7153,27300
Santo Antonio do Monte,BR,-20.0872,-45.2936,27295
Kattumannarkoil,IN,11.2763,79.5578,27294
Andippatti,IN,9.998,77.621,27287
Kalamb,IN,19.0444,73.9555,27287
Corrente,BR,-10.4433,-45.1622,27278
Lapao,BR,-11.3833,-41.8319,27274
Santo Amaro da Imperatriz,BR,-27.6881,-48.7786,27272
Icatu,BR,-2.7758,-44.0658,27269
Arumuganeri,IN,8.5688,78.0909,27266
Elamanchili,IN,17.5491,82.8575,27265
Ubata,BR,-14.2091,-39.5264,27263
Bady Bassitt,BR,-20.9181,-49.4453,27260
Adichanallur,IN,8.8805,76.7156,27240
Laitumkhrah,IN,25.5707,91.8977,27219
Gulabpura,IN,25.9045,74.6603,27215
Redencao,BR,-4.2258,-38.7306,27214
Forquilhinha,BR,-28.7475,-49.4722,27211
Pathardi,IN,19.1728,75.1743,27211
Mocajuba,BR,-2.5842,-49.5072,27198
Kundarkhi,IN,28.683,78.7856,27197
Ukhrul,IN,25.1196,94.3642,27187
Gadhinglaj,IN,16.2229,74.3501,27185
Ipameri,BR,-17.7219,-48.1597,27174
Bilgram,IN,27.1751,80.032,27173
Ali,IN,28.5161,77.3099,27169
Jafarabad,IN,20.8661,71.3661,27167
Bhelai,IN,22.3093,82.6095,27158
Bidhuna,IN,26.8017,79.5083,27158
Ayakudi,IN,10.4499,77.552,27156
Vicencia,BR,-7.6569,-35.3267,27151
Vettanad,IN,8.6059,76.9424,27140
Sao Joaquim,BR,-28.2939,-49.9317,27139
Balneario Picarras,BR,-26.7639,-48.6717,27127
Asandh,IN,29.5212,76.6055,27125
Perumpavur,IN,10.1154,76.4761,27105
Chanpatia,IN,26.9444,84.5377,27095
Afzalpur,IN,17.1999,76.3602,27088
Gobindpur,IN,22.6339,86.0716,27066
Tikkotti,IN,11.4833,75.6167,27051
Manari,BR,-8.9639,-37.6283,27046
Gingee,IN,12.2528,79.4173,27045
Raver,IN,21.2476,76.0351,27039
Bagepalli,IN,13.7834,77.7967,27011
Kotdwara,IN,29.7461,78.5222,27009
Alexania,BR,-16.0822,-48.5072,27008
Ibotirama,BR,-12.1853,-43.2206,27003
Payakaraopeta,IN,17.3678,82.5683,27001
Bhawanipur,IN,26.4535,87.0274,27000
Jaglot,PK,35.6884,74.6241,27000
Nova Soure,BR,-11.2333,-38.4833,26998
Elamkunnapuzha,IN,10.0267,76.2223,26997
Ettumanoor,IN,9.67,76.57,26993
Caririacu,BR,-7.0422,-39.2836,26987
Agua Preta,BR,-8.7075,-35.5306,26981
Latehar,IN,23.7442,84.4998,26981
Chengam,IN,12.3089,78.7914,26980
Novo Cruzeiro,BR,-17.4681,-41.8753,26975
Sao Sebastiao da Boa Vista,BR,-1.7146,-49.5315,26974
Mundo Novo,BR,-11.8589,-40.4725,26970
Iguai,BR,-14.7564,-40.0892,26963
Rajgarh,IN,27.2373,76.6224,26953
Sao Bernardo,BR,-3.3614,-42.4178,26943
Kumarapuram,IN,9.2708,76.4326,26943
Margherita,IN,27.2848,95.668,26914
Barauna,BR,-5.08,-37.6167,26913
Kulasekarapuram,IN,9.0912,76.5303,26907
Chawinda,PK,32.3443,74.7051,26906
Samba,IN,32.5624,75.1199,26893
Pirthipur,IN,25.2084,78.7516,26883
Vepagunta,IN,17.7784,83.2158,26881
Caninde de Sao Francisco,BR,-9.66,-37.7894,26834
Vadipatti,IN,10.0848,77.9611,26830
Reserva,BR,-24.6503,-50.8506,26825
Imbe,BR,-29.9753,-50.1281,26824
Shenkottai,IN,8.9774,77.2463,26823
Edaccheri,IN,11.6818,75.6248,26819
Banmankhi,IN,25.8886,87.1942,26806
Srinivaspur,IN,13.3391,78.2117,26793
Ilha Solteira,BR,-20.4328,-51.3425,26788
Santa Helena,BR,-24.8603,-54.3328,26767
Chandur,IN,19.7344,79.1717,26755
Indapur,IN,18.3,73.25,26752
Varappuzha,IN,10.0759,76.2715,26750
Goianinha,BR,-6.2662,-35.2097,26741
Hartbeespoort,ZA,-25.7287,27.87,26732
Kemri,IN,28.8067,79.2048,26726
Alattur,IN,10.65,76.5333,26720
Vera Cruz,BR,-29.7167,-52.5032,26710
Bela,IN,25.5571,84.4308,26707
Krishnapuram,IN,9.1521,76.5234,26705
Brasileia,BR,-11.0161,-68.7481,26702
Kartarpur,IN,31.4427,75.4985,26701
Kalat,PK,29.0266,66.5936,26701
Mamidalapadu,IN,15.8541,78.0148,26694
Karhal,IN,27.0009,78.9394,26693
Coracao de Maria,BR,-12.2333,-38.75,26692
Lar,IN,26.2039,83.9691,26688
Pitangui,BR,-19.6828,-44.8903,26685
Kudligi,IN,14.905,76.3853,26680
Praktiseer,ZA,-24.584,30.3168,26675
Sacramento,BR,-19.8653,-47.44,26670
Aliganj,IN,27.4936,79.1713,26652
Baloda Bazar,IN,21.6568,82.1606,26632
Manihari,IN,25.3389,87.62,26629
Kottur,IN,10.5365,76.9803,26627
Propria,BR,-10.2111,-36.8403,26618
Faizpur,IN,21.1677,75.8601,26602
Nova Esperanca,BR,-23.1836,-52.2047,26585
Manasa,IN,24.4776,75.141,26551
Sankarapatti,IN,10.0477,78.7472,26536
Veranopolis,BR,-28.9361,-51.5494,26533
Songadh,IN,21.1697,73.5636,26515
Pauri,IN,30.1529,78.7771,26514
Shahganj,IN,26.0496,82.6842,26510
Sooretama,BR,-19.1969,-40.0978,26502
Jaguarao,BR,-32.5661,-53.3758,26500
Dhrol,IN,22.567,70.4177,26496
Pallippatti,IN,11.9399,78.4016,26492
Barwah,IN,22.2539,76.0385,26459
Ventersdorp,ZA,-26.314,26.8222,26446
Estcourt,ZA,-29.0127,29.8662,26444
Planalto,BR,-14.6697,-40.4711,26426
Mauganj,IN,24.6672,81.8734,26420
Bablai,IN,30.3573,76.879,26412
Nadbai,IN,27.2229,77.1957,26411
Terdal,IN,16.4938,75.0467,26411
Kallidaikurichi,IN,8.6859,77.4659,26398
Daud Khel,PK,32.8753,71.5712,26395
Mitha Tiwana,PK,32.2454,72.1061,26390
Universidade Rural,BR,-22.7664,-43.6914,26371
Taloda,IN,21.5613,74.2124,26363
Murugampalaiyam,IN,11.0806,77.3238,26349
Eloi Mendes,BR,-21.61,-45.5653,26336
Mon,IN,26.7358,95.0584,26328
Kheri,IN,27.9035,80.7975,26327
Canarana,BR,-11.6847,-41.7689,26325
Bilsi,IN,28.1294,78.9109,26320
Hazro City,PK,33.9099,72.4918,26309
Batalha,BR,-4.025,-42.075,26300
Basi,IN,30.5881,76.845,26295
Ayancheri,IN,11.6261,75.6743,26293
Guaiuba,BR,-4.0397,-38.6372,26290
Anjad,IN,22.0417,75.0552,26289
Kotturu,IN,14.8244,76.2201,26289
Chinnalapatti,IN,10.2848,77.9233,26285
Narasannapeta,IN,18.4143,84.0446,26280
Ongallur-II,IN,10.7897,76.219,26273
Laranjal Paulista,BR,-23.0497,-47.8367,26261
Rampur,IN,29.8062,77.4525,26257
Lago Sul,BR,-15.8458,-47.8837,26244
Aklera,IN,24.4129,76.5672,26240
Mirganj,IN,26.3734,84.3349,26240
Kudlu,IN,12.5298,74.9788,26235
Tamboril,BR,-4.8322,-40.3206,26225
Tekkalakote,IN,15.5344,76.877,26224
Igarapava,BR,-20.0383,-47.7469,26212
Astorga,BR,-23.2325,-51.6656,26209
Agua Boa,BR,-14.05,-52.1586,26204
Mungaoli,IN,24.4084,78.0959,26192
Budhlada,IN,29.928,75.562,26172
Anuppanadi,IN,9.904,78.1433,26158
Reengus,IN,27.3636,75.5684,26139
Sutrapara,IN,20.8435,70.4832,26132
Maravilha,BR,-26.7608,-53.1725,26116
Craibas,BR,-9.6181,-36.7681,26115
Itapuranga,BR,-15.5622,-49.9486,26113
Garrafao do Norte,BR,-1.9342,-47.0525,26111
Kodoli,IN,17.6702,74.0347,26106
Campos Gerais,BR,-21.235,-45.7586,26105
Dimbaza,ZA,-32.8348,27.2174,26099
Camanducaia,BR,-22.7553,-46.1447,26097
Phulera,IN,26.874,75.2417,26091
Sao Jose da Lapa,BR,-19.7003,-43.9602,26090
Alagoa Grande,BR,-7.0416,-35.627,26062
Novo Aripuana,BR,-5.1206,-60.3797,26046
Costa Rica,BR,-18.5439,-53.1292,26037
Conde,BR,-11.8136,-37.6106,26035
Renigunta,IN,13.6514,79.5126,26031
Piracaia,BR,-23.0539,-46.3581,26029
Basi,IN,26.8315,76.0486,26029
Khoni,IN,19.3173,73.0597,26016
Areraj,IN,26.5503,84.6801,26014
Muttanampalaiyam,IN,11.0845,77.3969,26014
Junnar,IN,19.2081,73.8752,25997
Sao Joao dos Patos,BR,-6.495,-43.7022,25996
Mehsi,IN,26.3557,85.0925,25995
Edavai,IN,8.7645,76.6885,25994
Mangaldai,IN,26.4421,92.0305,25989
Naduvannur,IN,11.4877,75.7751,25979
Maracana,BR,-0.7707,-47.4518,25971
Encruzilhada do Sul,BR,-30.5439,-52.5219,25960
Krishnarajpet,IN,12.6662,76.4877,25946
Tirawari,IN,29.8015,76.9283,25944
Murici,BR,-9.3067,-35.9433,25933
Mannachanallur,IN,10.9099,78.6993,25931
Periyanayakkanpalaiyam,IN,11.1525,76.9516,25930
Kalol,IN,22.6078,73.4627,25929
Kuttikkattur,IN,11.2626,75.8796,25929
Jaynagar Majilpur,IN,22.1752,88.4201,25922
Kailaras,IN,26.305,77.616,25920
Milagres,BR,-7.3133,-38.9456,25900
Chipurupalle,IN,18.3114,83.5685,25898
Miguel Calmon,BR,-11.4289,-40.595,25894
Iringal,IN,11.5593,75.6166,25894
Dunga Bunga,PK,29.7497,73.2429,25893
Jamjodhpur,IN,21.9022,70.0357,25892
Chumukedima,IN,25.8248,93.7759,25885
Thodiyoor,IN,9.078,76.5777,25884
Jamul,IN,21.25,81.4,25878
Nalhati,IN,24.297,87.829,25878
Kaladi,IN,10.8194,76.0064,25872
Santa Isabel do Rio Negro,BR,-0.4139,-65.0192,25865
Muhamma,IN,9.6089,76.3608,25861
Formosa do Rio Preto,BR,-11.0483,-45.1931,25857
Ponmundam,IN,10.9536,75.9468,25855
Mulamthuruthy,IN,9.9003,76.387,25852
Gokarna,IN,14.55,74.3167,25851
Canarana,BR,-13.5522,-52.2683,25848
Ganguwa,IN,29.1134,75.6958,25847
Koregaon,IN,18.6457,74.0591,25846
Kandla,IN,23.0333,70.2167,25845
Erannoli,IN,11.7691,75.5177,25818
Karkala,IN,13.2143,74.9923,25800
Marco,BR,-3.1239,-40.1467,25799
Darwha,IN,20.3102,77.7726,25791
Chhota Udepur,IN,22.304,74.0158,25787
Novo Progresso,BR,-7.1478,-55.3811,25766
Santa Quiteria do Maranhao,BR,-3.4959,-42.562,25764
Avanigadda,IN,16.0215,80.9181,25761
Mussoorie,IN,30.455,78.0707,25753
Kuttippuram,IN,10.8425,76.0308,25750
Jaleshwar,IN,21.8018,87.2225,25747
Retreat,ZA,-34.0551,18.4762,25745
Cruzeiro,BR,-15.7907,-47.9371,25741
Jais,IN,26.2649,81.5486,25726
Kallam,IN,18.5751,76.0219,25713
Raojan,BD,22.5351,91.9192,25708
Pawayan,IN,28.0663,80.103,25708
Irugur,IN,11.0178,77.0628,25691
Jevargi,IN,17.0139,76.7732,25686
Guarai,BR,-8.8342,-48.5103,25681
Mechcheri,IN,11.8341,77.9439,25676
Silao,IN,25.0836,85.428,25674
Khajuraho Group of Monuments,IN,24.8481,79.9335,25662
Silapathar,IN,27.5944,94.724,25662
Dakor,IN,22.7527,73.1497,25658
Wadgaon,IN,16.8355,74.3134,25651
Karor,PK,31.2246,70.9515,25634
Deori Khas,IN,23.3902,79.0163,25632
Jandiala,IN,31.1593,75.6175,25631
Balakrishnapuram,IN,10.3591,78.0026,25627
Pirai do Sul,BR,-24.5261,-49.9486,25617
Kot Diji,PK,27.3416,68.7082,25616
Igaci,BR,-9.5369,-36.6336,25613
Panayattur Vadakkumbhagam,IN,8.9546,76.6185,25607
White River,ZA,-25.3318,31.0117,25607
Urucurituba,BR,-3.1287,-58.155,25592
Amandelbult,ZA,-24.8181,27.2966,25587
Pasighat,IN,28.0663,95.3268,25581
Kheda,IN,22.7522,72.6853,25575
Nagar,IN,27.424,77.0992,25572
Sao Joao Nepomuceno,BR,-21.54,-43.0106,25565
Soure,BR,-0.7167,-48.5233,25565
Viswanatham,IN,9.4295,77.8003,25555
Aracoiaba,BR,-4.3711,-38.8142,25553
Kamalapuram,IN,15.3044,76.4765,25552
Poranki,IN,16.4777,80.7075,25545
Parangipettai,IN,11.4912,79.7605,25541
Andipalayam,IN,11.0925,77.3123,25539
Adampur,IN,29.2803,75.4682,25531
Kakkanad,IN,10.0164,76.3417,25531
Jacutinga,BR,-22.2856,-46.6122,25525
Arame,BR,-4.8858,-46.005,25517
Indapur,IN,18.1153,75.0289,25515
Taquaritinga do Norte,BR,-7.9031,-36.0442,25511
Talikkulam,IN,10.4404,76.0948,25507
Luzilandia,BR,-3.4578,-42.3703,25504
Colonelganj,IN,27.1343,81.6987,25503
Mehndawal,IN,26.9758,83.1099,25495
Koelwar,IN,25.5805,84.7975,25494
Tupaciguara,BR,-18.5922,-48.705,25470
Harur,IN,12.0527,78.4802,25469
Senador Pompeu,BR,-5.5881,-39.3717,25456
Bannur,IN,12.333,76.862,25455
Mul,IN,20.0699,79.6783,25449
Tres Passos,BR,-27.4556,-53.9319,25436
Kuttampuzha,IN,10.1503,76.7354,25436
Queimadas,BR,-10.9783,-39.6264,25433
Karuva,IN,8.95,76.5986,25432
Doraha,IN,30.7995,76.0236,25424
Koothanallur,IN,10.7199,79.5157,25423
Khategaon,IN,22.5957,76.9133,25413
Capao do Leao,BR,-31.7633,-52.4839,25409
Nileshwar,IN,12.2595,75.1352,25405
Kamaqhekeza,ZA,-25.6703,31.8629,25390
Bom Jesus,BR,-9.0744,-44.3586,25387
Ibatiba,BR,-20.2339,-41.5106,25380
Edaicode,IN,8.3825,77.1983,25378
Coracao de Jesus,BR,-16.6853,-44.365,25377
Kadakkavoor,IN,8.6792,76.7671,25362
Haludbani,IN,22.7512,86.2099,25360
Ituporanga,BR,-27.4144,-49.6025,25355
Pirapozinho,BR,-22.2753,-51.5,25348
Chandor,IN,20.3306,74.2447,25341
Sundarnagar,IN,31.5352,76.905,25338
Amarpur,IN,25.0397,86.9025,25336
Karungappalli,IN,9.1042,76.537,25336
Gadkhol,IN,21.6438,73.0121,25332
Jiwani,PK,25.0485,61.7457,25332
Banganapalle,IN,15.3177,78.2267,25325
Anajatuba,BR,-3.2644,-44.6197,25322
Anupshahr,IN,28.3575,78.2691,25306
Jalalabad,IN,29.6185,77.4391,25302
Chitaguppa,IN,17.6974,77.2152,25298
Babra,IN,21.8458,71.3054,25270
Aimores,BR,-19.4958,-41.0639,25269
Guapore,BR,-28.8456,-51.8903,25268
Shamsabad,IN,27.5371,79.438,25266
Tanabi,BR,-20.6264,-49.6492,25265
Kithor,IN,28.8668,77.9386,25262
Kallur Vadakummuri,IN,10.2532,76.3281,25259
Candido Sales,BR,-15.505,-41.2392,25247
Machhlishahr,IN,25.6856,82.4111,25247
Mata Grande,BR,-9.1175,-37.7322,25207
Bagha Purana,IN,30.6881,75.0984,25206
Bhander,IN,25.7358,78.7455,25204
Brodowski,BR,-20.9914,-47.6586,25201
Taquari,BR,-29.7997,-51.8644,25198
Limoeiro de Anadia,BR,-9.7406,-36.5028,25197
Azhikkod,IN,11.9199,75.3355,25195
Uttiramerur,IN,12.6143,79.7575,25194
Dasuya,IN,31.8168,75.6531,25192
Gursarai,IN,25.6168,79.1805,25191
Murree,PK,33.9084,73.3903,25186
Piranhas,BR,-9.6236,-37.7567,25183
Paonta Sahib,IN,30.4367,77.6246,25183
Tirora,IN,21.4041,79.9262,25181
Itai,BR,-23.4178,-49.0906,25180
Rajgurunagar,IN,18.8667,73.9,25146
Pottaneri Nallakavundanpatti,IN,11.8039,77.8567,25133
Kamaruddinnagar,IN,28.677,77.0537,25126
Gauripur,IN,26.0833,89.9612,25124
Rania,IN,29.5245,74.8369,25123
Mugalivakkam,IN,13.0205,80.1653,25117
Thazhecode,IN,11.3226,75.9758,25116
Saiha,IN,22.4918,92.9814,25110
Chinna Salem,IN,11.6342,78.8741,25106
Canhotinho,BR,-8.8822,-36.1911,25103
Vayalar,IN,9.7116,76.3389,25094
Pinheiral,BR,-22.5128,-44.0006,25085
Ahraura,IN,25.0158,83.0329,25075
Rampachodavaram,IN,17.4409,81.7756,25074
Mangrol,IN,25.3306,76.5097,25073
Pirenopolis,BR,-15.8507,-48.9609,25064
Shrirangapattana,IN,12.4226,76.6844,25061
Kantai,IN,26.2142,85.2975,25051
Kharkhauda,IN,28.8787,76.9107,25051
Kanigiri,IN,15.4055,79.5069,25045
Chengannur,IN,9.3157,76.6151,25043
Lady Frere,ZA,-31.7031,27.2329,25041
Sohagpur,IN,22.7005,78.1952,25040
Chandauli,IN,25.258,83.2682,25035
Christiana,ZA,-27.914,25.1611,25019
Nepomuceno,BR,-21.2334,-45.2349,25018
Paramathi Velur,IN,11.1916,77.9563,25012
Velur,IN,11.1082,78.0011,25012
Naubatpur,IN,25.4986,84.9608,25011
Conde,BR,-7.2597,-34.9075,25010
Sandi,IN,27.2887,79.9519,25008
Satuba,BR,-9.5633,-35.8244,25000
Kolasib,IN,24.2239,92.6787,25000
Marayur,IN,10.2764,77.162,25000
Padam,IN,33.4666,76.8849,25000
Shiraguppi,IN,16.6187,74.7091,25000
Mian Sahib,PK,28.1534,68.6418,25000
Midstream,ZA,-25.9185,28.1988,25000
Nossa Senhora das Dores,BR,-10.4917,-37.1933,24996
Santa Maria do Para,BR,-1.3503,-47.5756,24995
Abu,IN,24.5937,72.7176,24981
Sadulshahar,IN,29.9087,74.1757,24980
Borawar,IN,27.0237,74.6758,24975
Piritiba,BR,-11.7303,-40.5553,24964
Marutharod,IN,10.7751,76.6995,24963
Gajwel,IN,17.8482,78.6829,24961
Devarshola,IN,11.5437,76.4404,24954
Lagoa Grande,BR,-8.9969,-40.2719,24951
Kunda,IN,25.717,81.514,24948
Sakleshpur,IN,12.9412,75.7847,24931
Perundurai,IN,11.2756,77.5879,24930
Mundargi,IN,15.2068,75.8839,24919
Tres de Maio,BR,-27.7733,-54.24,24916
Machhiwara,IN,30.9156,76.2002,24916
Nainpur,IN,22.43,80.1056,24914
Tarana,IN,23.3338,76.0425,24908
Keirao Bitra,IN,24.7111,93.9746,24900
Tacaratu,BR,-9.1053,-38.1492,24898
Jucas,BR,-6.5253,-39.5275,24892
Ahmadpur Sial,PK,30.6779,71.7434,24889
Apiai,BR,-24.5094,-48.8425,24886
Piracanjuba,BR,-17.3028,-49.0167,24883
Kanth,IN,29.0594,78.6295,24883
Martinopolis,BR,-22.1458,-51.1708,24881
Charkhari,IN,25.403,79.7488,24881
Kushtagi,IN,15.7562,76.1911,24878
Churi,IN,23.6549,85.0128,24876
Vellalur,IN,10.9775,77.026,24872
Sriperumbudur,IN,12.9676,79.942,24864
Muthutala,IN,10.8354,76.1596,24861
Joao Dourado,BR,-11.3448,-41.6632,24854
Mahwa,IN,27.0459,76.9315,24846
Kandahar,IN,18.8731,77.1923,24843
Avilala,IN,13.6111,79.4208,24839
Falna,IN,25.2674,73.2393,24839
Ghoti Budrukh,IN,19.7164,73.6282,24838
Santa Rita do Passa Quatro,BR,-21.7103,-47.4781,24833
Itaporanga,BR,-7.3044,-38.1503,24828
Manikchari,BD,22.8396,91.8413,24813
Safipur,IN,26.7378,80.3435,24801
Brahmana Periya Agraharam,IN,11.369,77.7063,24798
Sao Lourenco do Oeste,BR,-26.3592,-52.8511,24791
Thirunavaya,IN,10.8746,75.9855,24790
Anklesvar INA,IN,21.6167,73.0276,24789
Kalamnuri,IN,19.6739,77.3115,24784
Kabrai,IN,25.4028,79.9997,24771
Ilaiyankudi,IN,9.6251,78.6243,24767
Sarandi,BR,-27.9439,-52.9231,24763
Santana,BR,-12.9833,-44.0511,24755
Talwara,IN,31.9376,75.8866,24752
Firozpur Jhirka,IN,27.7885,76.945,24750
Ubirata,BR,-24.5453,-52.9878,24749
Tijara,IN,27.9341,76.8554,24747
Punahana,IN,27.8637,77.2043,24734
Brasil Novo,BR,-3.3071,-52.5386,24718
Castro Alves,BR,-12.7656,-39.4283,24712
Joao Lisboa,BR,-5.4478,-47.4008,24709
Tattankuttai,IN,11.4352,77.7237,24708
Sao Geraldo do Araguaia,BR,-6.4006,-48.555,24705
Ivoti,BR,-29.5911,-51.1606,24690
Koregaon,IN,17.6991,74.1625,24690
Phillaur,IN,31.0189,75.7911,24688
Muktagacha,BD,24.7648,90.257,24684
Pakala,IN,13.449,79.1149,24680
Hinjilicut,IN,19.4817,84.7449,24671
Damua,IN,22.1929,78.467,24663
Ezhudesam,IN,8.2651,77.1421,24657
Siraha,NP,26.6542,86.2079,24657
Andol,IN,17.8146,78.0771,24645
Shamgarh,IN,24.1882,75.639,24637
Boquim,BR,-11.1469,-37.6206,24636
Ratanpur,IN,22.2866,82.1682,24636
Phomolong,ZA,-28.0127,27.0823,24635
Kodarma,IN,24.4675,85.594,24633
Keshorai Patan,IN,25.2928,75.9395,24627
Agrestina,BR,-8.4581,-35.9447,24615
Navalgund,IN,15.5588,75.353,24613
Iacu,BR,-12.7672,-40.2117,24607
Bholav,IN,21.7197,73.011,24605
Williamnagar,IN,25.4955,90.6168,24597
Bijbehara,IN,33.7938,75.107,24590
Poxoreu,BR,-15.8372,-54.3892,24587
Gorantla,IN,13.9841,77.7722,24586
Rio Tinto,BR,-6.8031,-35.0806,24581
Duiwelskloof,ZA,-23.6934,30.14,24572
Taluker Char Doani,BD,22.14,89.9414,24563
Dataganj,IN,28.0253,79.4082,24562
Tapejara,BR,-28.0681,-52.0139,24557
Tiruppuvanam,IN,9.8256,78.2579,24554
Beohari,IN,24.0242,81.3783,24545
Guabiruba,BR,-27.086,-48.9676,24543
Rocinha,BR,-22.9889,-43.2493,24543
Ilha de Itamaraca,BR,-7.7478,-34.8256,24540
Pantheeramkavu,IN,11.2305,75.8518,24537
Chharra,IN,27.9247,78.401,24535
Porto Calvo,BR,-9.045,-35.3983,24520
Cordeiropolis,BR,-22.4819,-47.4567,24514
Angatuba,BR,-23.4897,-48.4128,24512
Dois Corregos,BR,-22.3661,-48.3803,24510
Hudkeshwar Buzurg,IN,21.0824,79.1274,24499
Ocara,BR,-4.4908,-38.5967,24493
Pindwara,IN,24.7975,73.055,24487
Kulachi,PK,31.9306,70.4596,24481
Mimoso do Sul,BR,-21.0642,-41.3664,24475
Wenceslau Guimaraes,BR,-13.686,-39.478,24474
Singapur,IN,17.4698,78.1257,24457
Sahaspur,IN,29.1212,78.6227,24452
Ugrakheri,IN,29.378,77.0093,24440
Kant,IN,27.8105,79.7918,24430
Sao Sebastiao do Cai,BR,-29.5867,-51.3756,24428
Vicosa,BR,-9.3714,-36.2408,24423
Tres Coroas,BR,-29.5169,-50.7778,24420
Itabaiana,BR,-7.3286,-35.3325,24419
Bhokardan,IN,20.2583,75.77,24416
Sao Jeronimo,BR,-29.9592,-51.7222,24412
Maheshwar,IN,22.1759,75.5871,24411
Pedra Azul,BR,-16.0053,-41.2972,24410
Minas Novas,BR,-17.2186,-42.5903,24405
Thiruthuraipoondi,IN,10.5282,79.6327,24404
Junqueiro,BR,-9.9253,-36.4758,24381
Pao de Acucar,BR,-9.7483,-37.4367,24351
Taquarituba,BR,-23.5331,-49.2444,24350
Meenambakkam,IN,12.9846,80.1747,24334
Matriz de Camaragibe,BR,-9.1517,-35.5333,24330
Pedro do Rosario,BR,-2.9724,-45.3513,24320
Santa Luzia do Parua,BR,-2.5439,-45.7755,24307
Iraucuba,BR,-3.7461,-39.7833,24305
Cupira,BR,-8.6167,-35.95,24301
Chiknayakanhalli,IN,13.4161,76.6206,24292
Maharajgani,IN,26.1102,84.5036,24282
Ayanavelikulangara Vadakku,IN,9.043,76.523,24268
Santa Terezinha de Itaipu,BR,-25.44,-54.4016,24262
Kaithoon,IN,25.1241,75.9722,24260
Denkanikota,IN,12.5301,77.7889,24252
Chekkiad,IN,11.7173,75.6419,24246
Valparaiso,BR,-21.2278,-50.8683,24241
Mayang Imphal,IN,24.61,93.8887,24239
Pishin,PK,30.5818,66.9941,24239
Carutapera,BR,-1.2074,-46.0236,24238
Haliyal,IN,15.3286,74.7564,24238
Vilankurichi,IN,11.0715,77.0173,24235
Rajakheri,IN,23.8593,78.7852,24232
Sitarganj,IN,28.9293,79.7044,24225
Nandgaon,IN,20.3068,74.655,24209
Siuliban,IN,23.7486,86.7848,24202
Estrela,BR,-28.0611,-50.9383,24200
Reitz,ZA,-27.8014,28.4273,24181
Dharampur,IN,20.5369,73.1737,24178
Sikandarpur,IN,26.0433,84.053,24177
Forquilha,BR,-3.7983,-40.2606,24173
Carolina,BR,-7.3356,-47.4622,24165
Muhammadabad,IN,26.034,83.3811,24146
Colorado,BR,-22.8375,-51.9731,24145
Srisailain,IN,16.0722,78.8682,24142
Amelia Rodrigues,BR,-12.399,-38.7552,24138
Itapora,BR,-22.0789,-54.7894,24137
Barki Saria,IN,24.1759,85.8894,24134
Salvaterra,BR,-0.7533,-48.5167,24129
Loha,IN,18.9448,77.1155,24125
Mhaswad,IN,17.6336,74.7877,24120
Alot,IN,23.7634,75.5566,24115
Anastacio,BR,-20.4836,-55.8069,24114
Uaua,BR,-9.8414,-39.4817,24113
Suryaraopeta,IN,16.9996,82.2232,24112
Aluva,IN,10.1076,76.3516,24108
Paraopeba,BR,-19.2744,-44.4042,24107
Espera Feliz,BR,-20.6503,-41.9072,24102
Pereira Barreto,BR,-20.6383,-51.1092,24095
Areia Branca,BR,-4.9561,-37.1369,24093
Hastinapur,IN,29.1604,78.0076,24093
Porto Franco,BR,-6.3383,-47.3992,24092
Monte Siao,BR,-22.4325,-46.5725,24089
Chettipalaiyam,IN,10.9125,77.037,24080
Someshvara,IN,12.8035,74.8647,24066
Cachoeira do Arari,BR,-1.0114,-48.9633,24064
Chak One Hundred Twenty Nine Left,PK,30.4292,73.0452,24053
Pacode,IN,8.3352,77.2136,24050
Alto Alegre do Maranhao,BR,-4.2128,-44.4464,24048
Jacareacanga,BR,-6.2222,-57.7528,24042
Laje,BR,-13.1822,-39.425,24032
Buritis,BR,-15.6178,-46.4233,24030
Independencia,BR,-5.3964,-40.3086,24024
Pappakurichchi,IN,10.8137,78.7481,24023
Morinda,IN,30.7901,76.4988,24022
Jequitinhonha,BR,-16.4339,-41.0033,24007
Diu,IN,20.7141,70.9822,23991
Nabinagar,IN,24.6068,84.1262,23984
Jardim,BR,-21.4803,-56.1381,23981
Dinanagar,IN,32.1366,75.4729,23976
Capivari de Baixo,BR,-28.4447,-48.9578,23975
Laranjeiras,BR,-10.8064,-37.17,23975
Ibiapina,BR,-3.9233,-40.8894,23965
Sao Goncalo do Sapucai,BR,-21.8922,-45.5953,23959
Bom Jesus de Goias,BR,-18.2205,-49.7299,23958
Scottburgh,ZA,-30.2867,30.7532,23949
Chaves,BR,-0.16,-49.9883,23948
Sao Joao da Ponte,BR,-15.9292,-44.0078,23930
Belo Oriente,BR,-19.22,-42.4836,23928
Umbauba,BR,-11.3833,-37.6578,23917
Pinheiros,BR,-18.3703,-40.2133,23915
Itsoseng,ZA,-26.0816,25.8812,23913
Mayabandar,IN,12.9095,92.9035,23912
Quatro Barras,BR,-25.3656,-49.0769,23911
Buritizeiro,BR,-17.3511,-44.9622,23910
Sao Joao do Paraiso,BR,-15.3136,-42.0144,23910
Kaikalapettai,IN,13.0219,80.1206,23910
Bazpur,IN,29.153,79.1081,23900
Brotas,BR,-22.2842,-48.1267,23898
Iraquara,BR,-12.2486,-41.6194,23879
Macaparana,BR,-7.5547,-35.4531,23879
Karumandi Chellipalaiyam,IN,11.3019,77.586,23868
Poco Verde,BR,-10.7083,-38.1833,23867
Miranda do Norte,BR,-3.5652,-44.5802,23864
Dalsingh Sarai,IN,25.668,85.8364,23862
Makronia,IN,23.8477,78.799,23861
Longowal,IN,30.1985,75.6819,23851
Savantvadi,IN,15.9041,73.8219,23851
Virakeralam,IN,11.0077,76.9126,23841
Sao Joao,BR,-8.8756,-36.3667,23837
Cruzeiro do Oeste,BR,-23.785,-53.0733,23831
Cajuru,BR,-21.2753,-47.3042,23830
Carambei,BR,-24.9526,-50.1159,23825
Nasriganj,IN,25.0514,84.3284,23819
Padiyanallur,IN,13.2004,80.1761,23819
Reoti,IN,25.8509,84.3778,23819
Carandai,BR,-20.9536,-43.8064,23812
Fatehganj West,IN,28.4662,79.3066,23810
Sadalgi,IN,16.5587,74.5321,23790
Nasrullahganj,IN,22.6837,77.2707,23788
Sarjamda,IN,22.7476,86.2257,23788
Narakal,IN,10.0383,76.2221,23760
Lalgudi,IN,10.8742,78.8194,23740
Ulundurpet,IN,11.691,79.2873,23734
Gonubie,ZA,-32.9443,28.015,23733
Lalganj,IN,25.9318,81.7048,23728
Malakpur Kohi Rangpur,IN,28.5403,77.1208,23726
Nivari,IN,25.3491,78.7997,23724
Vypin,IN,9.9667,76.25,23717
Aurora,BR,-6.9425,-38.9675,23714
Muluppilagadu,IN,11.7979,75.4511,23709
Alwaye,IN,10.1065,76.3548,23703
Tisaiyanvilai,IN,8.337,77.8678,23702
Tansen,NP,27.8666,83.5459,23693
Srikandamangalam,IN,9.6594,76.3633,23681
Kutiatodu,IN,9.8,76.3333,23669
Orleans,BR,-28.3589,-49.2914,23661
Pipri,IN,20.7861,78.5936,23661
Natham,IN,10.2278,78.2297,23660
Bonito,BR,-21.1211,-56.4819,23659
Unnamalaikadai,IN,8.2996,77.2406,23656
Penugonda,IN,16.6536,81.7455,23654
Balod,IN,20.7308,81.2058,23648
Itaocara,BR,-21.6692,-42.0761,23643
Mariani,IN,26.6573,94.3153,23640
Qadian,IN,31.822,75.3766,23632
Painkulam,IN,8.2602,77.174,23630
Santa Gertrudes,BR,-22.4567,-47.5303,23611
Prantij,IN,23.4361,72.8448,23596
Kulgam,IN,33.6446,75.0192,23584
Garopaba,BR,-28.0233,-48.6133,23579
Chinnur,IN,18.8578,79.7956,23579
Jaleshwar,NP,26.6487,85.8,23573
Katheru,IN,17.0379,81.776,23572
Mairwa,IN,26.2322,84.1635,23565
Tamandare,BR,-8.7563,-35.0999,23561
Todaraisingh,IN,26.024,75.4818,23559
Pokaran,IN,26.9201,71.9163,23554
Princesa Isabel,BR,-7.7367,-37.9933,23549
Bambui,BR,-20.0064,-45.9769,23546
Kumher,IN,27.3166,77.3708,23540
Sao Miguel,BR,-6.2119,-38.4969,23537
Corinto,BR,-18.3808,-44.4564,23532
Sreekaryam,IN,8.5488,76.9172,23528
Panchla,IN,22.5367,88.1379,23526
Mudkhed,IN,19.1566,77.503,23517
Shivpur Charcha,IN,23.3289,82.5281,23514
Mojui dos Campos,BR,-2.6833,-54.6428,23501
Harappa,PK,30.6325,72.8703,23500
Jhinjhak,IN,26.5609,79.7342,23499
Pethapur,IN,23.2631,72.6739,23497
Malpe,IN,13.3496,74.7039,23496
Birur,IN,13.5972,75.9717,23493
Carmo do Cajuru,BR,-20.1842,-44.7711,23479
Assare,BR,-6.8744,-39.875,23478
Mandal,IN,25.4413,74.5698,23478
Francisco Sa,BR,-16.4758,-43.4883,23476
Shishgarh,IN,28.7293,79.3147,23471
Kuchera,IN,26.9875,73.9711,23468
Pattiyurgramam,IN,9.1774,76.5011,23460
Sevilimedu,IN,12.8083,79.6864,23454
Pawni,IN,20.7923,79.6364,23450
Manesar,IN,28.3531,76.9404,23448
Chhatapur,IN,26.2197,87.0048,23425
Raul Soares,BR,-20.1019,-42.4525,23423
Itapaci,BR,-14.9508,-49.5494,23421
Tuneri,IN,11.697,75.6349,23421
Urmar,IN,31.6814,75.6355,23419
Lonar,IN,19.9853,76.5205,23416
Santa Rosa de Viterbo,BR,-21.4728,-47.3631,23411
Pugalur,IN,11.074,78.0209,23408
Ibirapitanga,BR,-14.1642,-39.3736,23404
Ramtek,IN,21.3956,79.3273,23404
Pindoretama,BR,-4.0269,-38.305,23391
Marikana,ZA,-25.699,27.4748,23389
Monoharpur,IN,22.1083,88.0789,23362
Koster,ZA,-25.863,26.8976,23361
Injambakkam,IN,12.9162,80.2488,23346
Panelas,BR,-8.6636,-36.0058,23337
Deneysville,ZA,-26.8908,28.0971,23337
Mandawa,IN,28.0554,75.1483,23335
Srimangal,BD,24.3065,91.7296,23332
Maharajpur,IN,25.0194,79.7319,23328
Soygaon,IN,20.5961,75.6176,23320
Kalanaur,IN,28.8282,76.3955,23319
Chitrakoot Dham,IN,25.2147,80.9164,23316
Capinzal,BR,-27.3436,-51.6119,23314
Ron,IN,15.6994,75.7341,23311
Nova Petropolis,BR,-29.3764,-51.1144,23300
Baglun,NP,28.2673,83.5996,23296
Vengattur,IN,13.0999,79.9321,23292
Aldeias Altas,BR,-4.6278,-43.4706,23286
Nayanakulam,IN,9.9611,78.1372,23284
Bewar,IN,27.2187,79.2976,23280
Marampilly,IN,10.1138,76.4418,23272
Estacio,BR,-22.9182,-43.204,23260
Schoemansdal,ZA,-25.7087,31.5102,23257
Od,IN,22.621,73.1172,23250
Tapa,IN,30.2979,75.3694,23248
Santo Antonio de Posse,BR,-22.6061,-46.9194,23244
Sao Joao de Pirabas,BR,-0.7747,-47.1772,23244
Pallandri,PK,33.7153,73.6837,23243
Loanda,BR,-22.9231,-53.1372,23242
Coreau,BR,-3.551,-40.6572,23239
Senador Guiomard,BR,-10.1497,-67.7374,23236
Vaikam,IN,9.7486,76.3964,23234
Sobradinho,BR,-9.4718,-40.8015,23233
Kerkandi,IN,11.3678,76.7458,23229
Bissau,IN,28.2474,75.0767,23227
Colachel,IN,8.1794,77.2582,23227
Sahibganj,IN,26.3083,84.927,23224
Cambara,BR,-23.0464,-50.0736,23212
Karmala,IN,18.4077,75.1939,23199
Feira Grande,BR,-9.9003,-36.6775,23191
Tharangambadi,IN,11.0276,79.8542,23191
Conceicao do Mato Dentro,BR,-19.0372,-43.425,23163
Hinakallu,IN,12.3304,76.6021,23162
Thiruvankulam,IN,9.9468,76.3666,23160
Tiruverumbur,IN,10.7937,78.769,23156
Kudachi,IN,16.6278,74.8541,23154
Redhill,ZA,-26.2607,30.8255,23153
Ribas do Rio Pardo,BR,-20.4431,-53.7592,23150
Seondha,IN,26.1542,78.7812,23140
Greytown,ZA,-29.0642,30.5928,23139
Kurduvadi,IN,18.0934,75.4157,23131
Mattigiri,IN,12.698,77.8083,23129
Governador Nunes Freire,BR,-2.1258,-45.8853,23128
Quissama,BR,-22.1067,-41.4722,23126
Lalganj,IN,25.799,82.9977,23124
Polasara,IN,19.6939,84.814,23119
Iroopara,IN,8.6075,76.9149,23113
Igaracu do Tiete,BR,-22.5092,-48.5578,23106
Nakur,IN,29.9196,77.3044,23084
Narasingapuram,IN,11.6038,78.5778,23084
Zafarwal,PK,32.3446,74.8999,23078
Palwal Rural,IN,28.1456,77.3513,23072
Pallikonda,IN,12.9052,78.9427,23067
Asifabad,IN,19.3585,79.2841,23059
Dom Pedro,BR,-5.0382,-44.4375,23053
Pipri,IN,19.7937,75.5352,23047
Indargarh,IN,25.9109,78.5619,23045
Sivagiri,IN,9.3446,77.4291,23040
Vadakkanandal,IN,11.7817,78.8354,23034
Bataguassu,BR,-21.7142,-52.4222,23031
Monte Alegre,BR,-6.0678,-35.3322,23031
Ancharakandy,IN,11.8841,75.485,23030
Trikarpur South,IN,12.1165,75.1852,22991
Hukeri,IN,16.2308,74.6024,22988
Todabhim,IN,26.9167,76.8167,22977
Dooru Verinag,IN,33.5594,75.2322,22968
Pehladpur Bangar,IN,28.7506,77.081,22968
Tiruchanur,IN,13.6073,79.4486,22963
Encantado,BR,-29.2361,-51.8697,22962
Kot Samaba,PK,28.5521,70.4684,22953
Kanhan,IN,21.229,79.2398,22945
Gopavaram,IN,14.7841,78.5729,22936
Vattalkundu,IN,10.1607,77.7588,22928
Dhamanagar,IN,20.9167,86.45,22920
Santa Luzia,BR,-7.6426,-47.2174,22909
Saidpur,IN,25.5375,83.2238,22904
Khadbari,NP,27.3765,87.2077,22903
Tittagudi,IN,11.4072,79.1222,22894
Phulpur,IN,25.549,82.0895,22886
Kunnatnad,IN,10.0429,76.4241,22881
Jharoda Mazra Burari,IN,28.7301,77.2091,22878
Capela do Alto,BR,-23.4706,-47.7347,22866
Karanjia,IN,21.7626,85.9732,22865
Paranatinga,BR,-14.4317,-54.0511,22861
Sangaria,IN,26.1887,73.0265,22853
Balarampur,IN,23.0971,86.2229,22847
Hennenman,ZA,-27.9765,27.0242,22847
Aramboli,IN,8.2496,77.5216,22846
Tocantinopolis,BR,-6.3294,-47.4164,22845
Ubaidullahganj,IN,22.9983,77.5862,22845
Chitarpur,IN,23.5728,85.6535,22837
Naraingarh,IN,30.478,77.128,22832
Sambhar,IN,26.9081,75.1914,22828
Vellur,IN,8.6262,76.8305,22816
Fatehnagar,IN,24.8149,74.095,22812
Santa Teresa,BR,-19.9356,-40.6003,22808
Campo Verde,BR,-20.4167,-54.0667,22806
Raghunathpur,IN,23.5388,86.6735,22802
Sao Jose do Vale do Rio Preto,BR,-22.1521,-42.9233,22799
Pedra,BR,-8.4969,-36.9408,22795
Pariyapuram,IN,11.0167,75.8667,22766
Barro,BR,-7.1785,-38.78,22758
Itambe,BR,-15.245,-40.6244,22754
Morrinhos,BR,-3.2294,-40.125,22753
Kasrawad,IN,22.1274,75.611,22750
Lathi,IN,21.7231,71.3884,22745
Dugda,IN,23.7452,86.1718,22740
Khirkiya,IN,22.1673,76.8614,22737
Mudgal,IN,16.0119,76.442,22731
Curchorem,IN,15.2635,74.1088,22730
Chorwad,IN,21.0295,70.233,22720
Medeiros Neto,BR,-17.3739,-40.2206,22716
Madhira,IN,16.9233,80.3631,22716
Aripuana,BR,-10.1765,-59.4491,22714
Kadiganpalli,IN,12.5232,78.2086,22714
Akaltara,IN,22.0246,82.4264,22712
Etmadpur,IN,27.2354,78.1983,22697
Inhapim,BR,-19.5492,-42.12,22692
Katghora,IN,22.5025,82.5428,22690
Abaete,BR,-19.16,-45.4458,22675
Lohara,IN,20.3898,78.0903,22664
Ponda,IN,15.4034,74.0152,22664
Cumbum,IN,15.5817,79.1106,22653
Matabhanga,IN,26.342,89.2155,22642
Areia,BR,-6.9633,-35.6917,22633
Jaitaran,IN,26.2045,73.9368,22621
Quarai,BR,-30.3875,-56.4514,22607
Taoru,IN,28.2117,76.9498,22599
Lehragaga,IN,29.9427,75.8014,22588
Jamai,IN,22.1964,78.5919,22587
Camacan,BR,-15.4192,-39.4958,22579
Sholavandan,IN,10.0216,77.9609,22578
Barreira,BR,-4.2869,-38.6431,22573
Nagod,IN,24.5692,80.5881,22568
Khairagarh,IN,21.4186,80.9794,22564
Kurikuppi,IN,15.2176,76.6487,22560
Ariyallur,IN,11.0833,75.849,22558
Pukhrayan,IN,26.2237,79.8374,22555
Raman,IN,29.9505,74.9785,22553
Somerset East,ZA,-32.7217,25.588,22553
Kahuta,PK,33.5918,73.3874,22551
Sirsi,IN,28.6392,78.643,22549
Bankapur,IN,14.923,75.2622,22529
Godoli,IN,17.6718,74.0129,22517
Baswa,IN,27.1496,76.5834,22515
Rajmahal,IN,25.053,87.8305,22514
Itinga do Maranhao,BR,-4.4497,-47.5256,22513
Nambol,IN,24.6956,93.8197,22512
Alcobaca,BR,-17.5194,-39.1956,22490
Bikram,IN,25.4471,84.8626,22486
Tulsipur,IN,27.5337,82.4165,22486
Trizidela do Vale,BR,-4.5719,-44.6208,22484
Belur,IN,13.1656,75.8652,22484
Sanehwal,IN,30.8413,75.9855,22484
Diamantino,BR,-14.4086,-56.4461,22479
Sisauli,IN,30.143,77.2596,22479
Cacule,BR,-14.5033,-42.2222,22462
Buriti Bravo,BR,-5.8372,-43.8336,22455
Kanniyakumari,IN,8.0901,77.5384,22453
Porto Grande,BR,0.7133,-51.4133,22452
Senapparetti,IN,10.9625,78.1132,22447
Naraura,IN,28.2015,78.3872,22432
Pirajui,BR,-21.9986,-49.4572,22431
Dianopolis,BR,-11.6278,-46.8206,22424
Orobo,BR,-7.745,-35.6022,22412
Kailashahar,IN,24.332,92.0039,22405
Triparappu,IN,8.3948,77.2659,22401
Deogarh,IN,21.5383,84.7334,22390
Muritiba,BR,-12.9167,-39.25,22388
Goias,BR,-15.9344,-50.1403,22381
Middelburg,ZA,-31.4929,25.0063,22380
Ratu,IN,23.4204,85.2146,22379
Puthencruz,IN,9.9773,76.4105,22378
Tsirang,BT,27.0219,90.1229,22376
Kurandvad,IN,16.6832,74.5889,22372
Apui,BR,-7.1972,-59.8914,22359
Cumaru do Norte,BR,-7.825,-50.7728,22359
Timurni,IN,22.3712,77.2274,22359
Pachgaon,IN,16.6602,74.2274,22353
Sao Vicente Ferrer,BR,-2.8942,-44.8803,22350
Cedro,BR,-6.6067,-39.0622,22344
Rahata,IN,19.7166,74.4811,22335
Quirinopolis,BR,-18.4483,-50.4517,22334
Riachao das Neves,BR,-11.7461,-44.91,22334
Pali,IN,23.3645,81.0437,22324
Bhawanigarh,IN,30.2669,76.0385,22320
Suket,IN,24.6461,76.0417,22319
Candeias do Jamari,BR,-8.8097,-63.6956,22310
Panniyannur,IN,11.7486,75.5756,22308
Piuma,BR,-20.8378,-40.7219,22300
Catete,BR,-22.9254,-43.1814,22295
Hartbeesfontein,ZA,-26.7657,26.4202,22294
Quixere,BR,-5.0742,-37.9886,22293
Park Way,BR,-15.9085,-47.9405,22289
Mutuipe,BR,-13.2286,-39.5047,22282
Monte Aprazivel,BR,-20.7725,-49.7142,22280
Khanpur Mahar,PK,27.8409,69.413,22273
Hingorja,PK,27.2109,68.416,22263
Adanattutekkumuri Kizhakku,IN,9.0791,76.5137,22250
Ankola,IN,14.6605,74.3047,22249
Mariahu,IN,25.604,82.6038,22248
Silvania,BR,-16.6666,-48.6125,22245
Carira,BR,-10.3608,-37.7011,22239
Kilapavoor,IN,8.9086,77.4311,22231
Ibia,BR,-19.4783,-46.5389,22229
Purwa,IN,26.4576,80.774,22220
Attimarappatti,IN,8.7399,78.1053,22218
Dasnapur,IN,19.654,78.5121,22216
Badamibagh,IN,34.0738,74.8528,22214
Sahawar,IN,27.796,78.8337,22201
Bhuban,IN,20.882,85.8333,22200
Nilakottai,IN,10.165,77.8502,22197
Sidhauli,IN,27.282,80.8345,22193
Santo Antonio,BR,-6.3106,-35.4789,22177
Palavansathu,IN,12.8931,79.1345,22176
Teodoro Sampaio,BR,-22.5325,-52.1675,22173
Feira Nova,BR,-7.9508,-35.3892,22169
Aracariguama,BR,-23.4386,-47.0614,22168
Posto da Mata,BR,-17.8861,-39.8589,22168
Adra,IN,23.4967,86.6836,22159
Muhammadabad,IN,27.3089,79.4325,22151
Sarapaka,IN,17.6913,80.87,22149
Bhanvad,IN,21.9305,69.7808,22142
Someshwar,IN,13.4911,75.0665,22137
Hidrolandia,BR,-16.9622,-49.2281,22124
Cantanhede,BR,-3.6333,-44.3767,22117
Cunha,BR,-23.0744,-44.9597,22110
Narainpur,IN,19.7179,81.2444,22106
Namagiripettai,IN,11.4551,78.2682,22098
Nawa,IN,27.0195,75.0023,22088
Peravurani,IN,10.2904,79.2016,22084
Dhankuta,NP,26.9833,87.3333,22084
Naukot,PK,24.8582,69.4015,22081
Kathhara,IN,23.7638,85.8847,22080
Acreuna,BR,-17.3956,-50.3769,22079
Moloto South,ZA,-25.4628,28.6504,22076
Kathlal,IN,22.8982,72.9928,22071
Siwana,IN,25.6515,72.4224,22067
Deoli,IN,25.7573,75.3799,22065
Kizhuparamba,IN,11.2526,76.0244,22062
Palai,IN,9.7131,76.6833,22056
Mazagao,BR,-0.115,-51.2894,22053
Chhanera,IN,21.961,76.6949,22052
Itaiopolis,BR,-26.3364,-49.9064,22051
Ceres,BR,-15.3083,-49.5983,22046
Matinha,BR,-3.1006,-45.0336,22034
Marakkanam,IN,12.1921,79.9419,22034
Chhatrapur,IN,19.3557,84.9836,22027
Silva Jardim,BR,-22.6508,-42.3917,22026
Bhinga,IN,27.7028,81.9343,22016
Ottosdal,ZA,-26.8091,26.0054,22011
Bom Jesus dos Perdoes,BR,-23.135,-46.4653,22006
Lauri,IN,25.1396,80.0011,22002
Kuri Dulal,PK,33.3844,73.2637,22000
Ecoporanga,BR,-18.3733,-40.8306,21992
Nalambur,IN,13.0867,80.1703,21973
Pinhalzinho,BR,-26.8481,-52.9919,21972
Iracemapolis,BR,-22.5806,-47.5186,21967
Kuppam,IN,12.7493,78.3419,21963
Ortigueira,BR,-24.2083,-50.9494,21960
Vertentes,BR,-7.9028,-35.9883,21959
Arroio do Meio,BR,-29.4011,-51.945,21958
Fatehabad,IN,27.0265,78.3027,21957
Kil Bhuvanagiri,IN,11.4422,79.6476,21956
Caapora,BR,-7.5156,-34.9083,21955
Sakti,IN,22.0266,82.9609,21955
Serro,BR,-18.6047,-43.3794,21952
Karuvanthuruthy,IN,11.1721,75.8226,21952
Kollivayal,IN,11.4998,76.4815,21943
Sancoale,IN,15.3779,73.9035,21923
Polichalur,IN,12.9891,80.1418,21906
Sao Miguel do Araguaia,BR,-13.275,-50.1628,21900
Bhabhar,IN,24.0717,71.5974,21894
Sao Francisco de Paula,BR,-29.4481,-50.5836,21893
Muzambinho,BR,-21.3758,-46.5256,21891
Pio XII,BR,-3.8325,-45.1525,21886
Nowrozabad,IN,23.3522,80.9806,21883
Laungowal,IN,30.1939,75.6809,21880
Walin,NP,27.9837,83.7592,21867
Chachaura,IN,24.1758,76.9996,21860
Ghulewadi,IN,19.6031,74.1936,21860
Chandrakona,IN,22.7333,87.5167,21855
Santa Maria das Barreiras,BR,-8.8717,-49.7128,21850
Sangod,IN,24.9271,76.2865,21846
Kheralu,IN,23.8853,72.6187,21843
Varzea Alegre,BR,-5.35,-40.3833,21841
Farakka,IN,24.8167,87.9,21834
Mulavukad,IN,10.0136,76.2631,21833
Mangalvedha,IN,17.5105,75.4471,21824
Nova Alvorada do Sul,BR,-21.4658,-54.3839,21822
Maniyur,IN,11.5522,75.6503,21820
Kantabanji,IN,20.4671,82.9204,21819
Oliveira dos Brejinhos,BR,-12.3169,-42.8961,21810
Palmas de Monte Alto,BR,-14.2672,-43.1619,21796
Chalthan,IN,21.1542,72.9614,21795
Jainagar,IN,26.5905,86.1379,21782
Kopawor,IN,34.5286,74.264,21771
Conceicao de Macabu,BR,-22.0853,-41.8683,21769
Vredendal,ZA,-31.6683,18.5012,21769
Sakri,IN,20.991,74.3148,21764
Dattapur,IN,20.7808,78.1407,21763
Umarsera,IN,20.3714,78.1234,21752
Napasar,IN,27.9606,73.5591,21750
Shendurjana,IN,21.5249,78.2835,21748
Patur,IN,20.4609,76.9373,21747
Digboi,IN,27.3932,95.6184,21736
Mooi River,ZA,-29.2082,29.9946,21730
Herval dOeste,BR,-27.1936,-51.4947,21724
Jirapur,IN,24.0214,76.3764,21724
Paraguacu,BR,-21.5472,-45.7375,21723
Kalleribhagam,IN,9.054,76.558,21723
Muthupet,IN,10.395,79.4935,21722
Guapiacu,BR,-20.795,-49.2203,21711
Bhaun,PK,32.8605,72.7568,21711
Pampierstad,ZA,-27.7832,24.6877,21707
Dum Duma,IN,27.5688,95.5566,21706
Paramirim,BR,-13.4425,-42.2389,21695
Aquidaba,BR,-10.2814,-37.0186,21681
Pampur,IN,34.0151,74.9189,21680
Munderi,IN,11.9303,75.4455,21676
Surajgarh,IN,28.3101,75.7327,21666
Kadayal,IN,8.4083,77.2657,21665
Urucui,BR,-7.2294,-44.5561,21655
Nucleo Bandeirante,BR,-15.8707,-47.9689,21636
Sao Miguel do Guapore,BR,-11.6936,-62.7114,21635
Kundli,IN,28.8691,77.1206,21633
Balachor,IN,31.0606,76.3017,21631
Pushkar,IN,26.4902,74.5521,21626
Bela Vista,BR,-22.1081,-56.5325,21613
Anage,BR,-14.6122,-41.1356,21607
Doda,IN,33.1492,75.5475,21605
Karanpur,IN,29.8404,73.4552,21604
Macarani,BR,-15.5683,-40.4231,21599
Maracacume,BR,-2.0428,-45.9592,21586
Ibiruba,BR,-28.6275,-53.0897,21583
Samthar,IN,25.8435,78.9068,21582
Banat,IN,29.4636,77.3548,21580
Dhekiajuli,IN,26.7037,92.4781,21579
Mandalgarh,IN,25.1941,75.0721,21569
Barara,IN,30.2146,77.0403,21545
Ladario,BR,-19.0047,-57.6017,21522
Pedro Canario,BR,-18.0303,-40.1506,21522
Boca da Mata,BR,-9.6414,-36.2203,21517
Mari,BR,-7.06,-35.3194,21512
Hlanganani,ZA,-24.9591,31.1702,21506
Bastos,BR,-21.9219,-50.7339,21503
Tammampatti,IN,11.4413,78.4887,21503
Chamba,IN,32.5553,76.1265,21502
Punakha,BT,27.5914,89.8774,21500
Parelhas,BR,-6.6878,-36.6575,21499
Boquira,BR,-12.8231,-42.7306,21497
Alta Floresta d'Oeste,BR,-11.9681,-61.9542,21494
Riacho das Almas,BR,-8.1339,-35.8564,21490
Mahadula,IN,21.2526,79.0811,21481
Chaksawari,PK,33.2641,73.7853,21475
Cerqueira Cesar,BR,-23.0356,-49.1661,21469
Kotli Loharan,PK,32.5889,74.4947,21463
Bansdih,IN,25.8838,84.2183,21457
Rolante,BR,-29.6506,-50.5758,21453
Srisailam Project RFC Township,IN,16.0733,78.8741,21452
Shahpur Chakar,PK,26.1541,68.6501,21446
Cordeiro,BR,-22.0286,-42.3608,21444
Nhamunda,BR,-2.1861,-56.7131,21443
Tambau,BR,-21.705,-47.2744,21435
Bacheli,IN,18.6843,81.2686,21435
Icapui,BR,-4.7131,-37.3553,21433
Madre de Deus,BR,-12.7408,-38.6208,21432
Asika,IN,19.6111,84.66,21428
Sao Joao do Piaui,BR,-8.3581,-42.2467,21421
Guruvayur,IN,10.5943,76.0411,21416
Matupa,BR,-10.1693,-54.9344,21415
Lalru,IN,30.4917,76.7987,21394
Oros,BR,-6.2444,-38.9136,21384
Perdoes,BR,-21.0908,-45.0914,21384
Ibicarai,BR,-14.865,-39.5875,21378
Igreja Nova,BR,-10.1253,-36.6619,21372
Chotila,IN,22.4235,71.1964,21364
Vasudevanallur,IN,9.2417,77.4118,21361
Kuju,IN,23.7254,85.5102,21356
Padmanabhapuram,IN,8.2446,77.3258,21342
Mandawar,IN,29.4866,78.1273,21339
Paippad,IN,9.4246,76.5848,21338
Kondasamudram,IN,12.9455,78.8788,21335
Mahgawan,IN,26.4947,78.6159,21335
Bedi,IN,22.5014,70.0436,21327
Tekari,IN,24.9425,84.8427,21324
Dindori,IN,22.9414,81.0798,21323
Channagiri,IN,14.024,75.9258,21313
Kuzhithurai,IN,8.3179,77.1919,21307
Bequimao,BR,-2.4489,-44.7825,21299
Kodamthuruth,IN,9.8006,76.3015,21295
Ghatanji,IN,20.1418,78.3133,21293
Buritirama,BR,-10.7078,-43.6306,21276
Naduvattam,IN,10.8799,76.002,21273
Bananeiras,BR,-6.75,-35.6333,21269
Chhata,IN,27.7237,77.5081,21260
Cha Grande,BR,-8.2383,-35.4617,21258
Taperoa,BR,-13.5381,-39.0986,21253
Verena,ZA,-25.4825,29.0276,21252
Siqueira Campos,BR,-23.6889,-49.8339,21249
Santo Antonio do Ica,BR,-3.1022,-67.9397,21243
Sanaur,IN,30.3018,76.4579,21201
Sao Jose da Laje,BR,-9.0097,-36.0583,21193
Vrede,ZA,-27.4257,29.1658,21193
Chhor,PK,25.5126,69.7844,21178
Itapoa,BR,-26.1169,-48.6161,21177
Reethapuram,IN,8.1843,77.2481,21177
Teofilandia,BR,-11.4835,-38.9968,21176
Kottappally,IN,11.6127,75.6614,21169
Crisopolis,BR,-11.5106,-38.15,21163
Serchhip,IN,23.2931,92.8468,21158
Pudupattanam,IN,12.5085,80.1498,21151
Telhara,IN,21.0269,76.8389,21146
Altinho,BR,-8.4897,-36.0594,21134
Lephalale,ZA,-23.6661,27.7448,21133
Olho d'Agua das Flores,BR,-9.5361,-37.2939,21132
Oghi,PK,34.4985,73.014,21129
Narkher,IN,21.4723,78.5341,21127
Jandaia do Sul,BR,-23.6031,-51.6433,21122
Ajnala,IN,31.8447,74.763,21107
Alto Alegre,BR,2.8958,-61.4975,21096
Sao Domingos do Araguaia,BR,-5.5378,-48.7333,21092
Hlohlolwane,ZA,-28.9159,27.5696,21089
Santa Barbara do Para,BR,-1.2236,-48.2944,21087
Anthiyur,IN,11.5751,77.5904,21086
Bisalgarh,IN,23.676,91.2832,21085
Sao Marcos,BR,-28.9711,-51.0681,21084
Dhulagari,IN,22.5821,88.171,21080
Porto Real,BR,-22.4197,-44.2903,21064
Talala,IN,21.0547,70.529,21060
Caxambu,BR,-21.9772,-44.9325,21056
Bundu,IN,23.1609,85.5901,21054
Itapecerica,BR,-20.4725,-45.1256,21046
Itambacuri,BR,-18.0311,-41.685,21042
Teliamura,IN,23.8417,91.6303,21032
Mirador,BR,-6.3708,-44.3631,21031
Devgadh Bariya,IN,22.7052,73.9088,21030
Patharia,IN,23.8992,79.1939,21026
Kiraoli,IN,27.1377,77.7852,21024
Patnagarh,IN,20.7083,83.1326,21024
Glencoe,ZA,-28.1783,30.147,21024
Alagoa Nova,BR,-7.0708,-35.7583,21013
Bhanpura,IN,24.513,75.7469,21013
Perinjanam,IN,10.3133,76.1485,21012
Anklav,IN,22.3774,73.0007,21003
Freguesia do Ribeirao da Ilha,BR,-27.7177,-48.5627,21000
Ribeirao da Ilha,BR,-27.6993,-48.5322,21000
Abrama,IN,20.8587,72.9065,21000
Bagula,IN,23.3366,88.6411,20999
Swellendam,ZA,-34.0226,20.4417,20993
Cassilandia,BR,-19.1133,-51.7342,20988
Sao Simao,BR,-18.9911,-50.5436,20985
Gunnaur,IN,28.24,78.4399,20980
Santa Vitoria,BR,-18.8386,-50.1214,20973
Palakkodu,IN,12.307,78.0702,20959
Caracarai,BR,1.8161,-61.1281,20957
Sindi,IN,20.7424,78.5871,20956
Carmo do Rio Claro,BR,-20.9719,-46.1189,20954
Butia,BR,-30.1197,-51.9622,20952
Santa Barbara,BR,-11.9583,-38.975,20952
Chelora,IN,11.8949,75.4396,20952
Rajpur,IN,21.9402,75.1361,20947
Naravarikuppam,IN,13.1913,80.1847,20946
Nova Xavantina,BR,-14.6643,-52.3586,20944
Marthandam,IN,8.3081,77.2214,20938
Valenca do Piaui,BR,-6.4075,-41.7456,20929
Vinnamala,IN,13.9074,79.9086,20924
Sarauli,IN,28.494,79.0918,20923
Adampur,IN,31.4322,75.7148,20922
Urussanga,BR,-28.5178,-49.3208,20919
Pad Idan,PK,26.7746,68.3009,20919
Badnawar,IN,23.0218,75.2327,20917
Dailekh,NP,28.8443,81.7101,20908
Banga,IN,31.1887,75.995,20906
Heli Mandi,IN,28.3449,76.7569,20906
Chincholi,IN,17.4651,77.4187,20897
Kot Ghulam Muhammad,PK,32.3331,74.5469,20897
Monte Santo de Minas,BR,-21.1897,-46.9803,20890
Hungund,IN,16.0621,76.0586,20877
Thaikkattussery,IN,9.7715,76.3439,20874
Bangawan,IN,23.1926,82.1272,20873
Catarina,BR,-6.1308,-39.8775,20871
Kapasan,IN,24.8894,74.3167,20869
Salamedu,IN,11.9088,79.4919,20854
Barpali,IN,21.19,83.5872,20850
Gormi,IN,26.6003,78.5119,20841
Begun,IN,24.9833,75.0,20836
Flores,BR,-7.8681,-37.9747,20835
Lajinha,BR,-20.1514,-41.6228,20835
Lawngtlai,IN,22.5325,92.899,20830
Nandri,IN,26.3116,73.1009,20827
Dhing,IN,26.4679,92.4734,20826
Conselheiro Pena,BR,-19.1722,-41.4722,20824
Vadakarai Kil Pidagai,IN,9.0401,77.2741,20821
Clement Town,IN,30.2636,78.0086,20806
Conceicao da Feira,BR,-12.5058,-38.9986,20800
Sonepur,IN,20.8333,83.9167,20770
Kaikalur,IN,16.5515,81.214,20763
Akhnur,IN,32.8955,74.7349,20756
Alibag,IN,18.6481,72.8758,20752
Kapren,IN,25.4053,76.0743,20748
Villiers,ZA,-27.0303,28.6006,20745
Muthukulam,IN,9.2168,76.4592,20740
Alipur,IN,28.7986,77.1331,20736
Achampet,IN,16.3982,78.6376,20721
Ghorabandha,IN,22.7724,86.2711,20718
Divino,BR,-20.6144,-42.1486,20706
Koduvayur,IN,10.6867,76.6588,20703
Sao Joao Batista,BR,-2.9553,-44.8069,20701
Coligny,ZA,-26.3317,26.3207,20701
Campestre,BR,-21.7111,-46.2464,20696
Samalapuram,IN,11.0724,77.198,20691
Chakia,IN,26.416,85.0466,20686
Jining,IN,28.2163,94.8539,20684
Cachoeirinha,BR,-8.4864,-36.2331,20673
Bhanjanagar,IN,19.9272,84.582,20647
Vadali,IN,23.9423,73.0378,20646
koppana Agrahara,IN,12.8551,77.6671,20622
Madattukkulam,IN,10.5587,77.366,20620
Lawa,PK,32.6968,71.9327,20619
Marau,BR,-14.1039,-39.0149,20617
Gurmatkal,IN,16.8677,77.3909,20614
Manhumirim,BR,-20.3578,-41.9581,20613
Fatima do Sul,BR,-22.3742,-54.5139,20609
Tibagi,BR,-24.5094,-50.4136,20607
Governador Mangabeira,BR,-12.6004,-39.0418,20605
Itupeva,BR,-23.1531,-47.0578,20605
Dhariwal,IN,31.9562,75.3239,20604
Patuvilayi,IN,11.8656,75.5233,20598
Dayal Pur,IN,28.7175,77.2651,20589
Talwandi Sabo,IN,29.9838,75.082,20589
Jahazpur,IN,25.6199,75.2761,20586
Savda,IN,21.1505,75.8894,20584
Coronel Vivida,BR,-25.9797,-52.5678,20580
Vadakakarai,IN,10.1664,76.2018,20571
Viratnagar,IN,27.4354,76.183,20568
Belsand,IN,26.4437,85.4008,20566
Sampla,IN,28.7772,76.7716,20563
Vasind,IN,19.4084,73.2629,20561
Paulistana,BR,-8.1436,-41.1497,20554
Kishtwar,IN,33.3135,75.7673,20553
Achhnera,IN,27.1783,77.7567,20532
Attibele,IN,12.7781,77.7726,20532
Bhikkiwind Uttar,IN,31.3494,74.7027,20526
Floresta do Araguaia,BR,-7.5536,-49.7125,20525
Itapiuna,BR,-4.5644,-38.9222,20520
Chillupar,IN,26.2822,83.5064,20518
Tilpat,IN,28.4651,77.3328,20514
Bijawar,IN,24.6235,79.4899,20513
Komatipoort,ZA,-25.4332,31.9548,20508
Cocalzinho de Goias,BR,-15.7944,-48.7758,20504
Nellimarla,IN,18.1562,83.4473,20498
Maham,IN,28.9691,76.295,20484
Peritoro,BR,-4.3833,-44.3333,20479
Nova Esperanca do Piria,BR,-2.2678,-46.9675,20478
Maniar,IN,25.9855,84.1723,20462
Yellapur,IN,14.9637,74.7093,20452
Junqueiropolis,BR,-21.5147,-51.4336,20448
Paraisopolis,BR,-22.5542,-45.78,20445
Keevallur,IN,11.897,75.531,20440
Nangli,IN,31.6863,74.8875,20440
Sao Joaquim do Monte,BR,-8.4325,-35.8044,20438
Itatira,BR,-4.5289,-39.6222,20424
Sao Pedro,BR,-22.4231,-42.9661,20424
Baud,IN,20.8377,84.3262,20424
Nimaj,IN,26.15,74.0009,20424
Korochi,IN,16.7192,74.4451,20420
Tufanganj,IN,26.3169,89.6655,20420
Pataudi,IN,28.3255,76.7786,20418
Secunda,ZA,-26.55,29.1667,20418
Dharur,IN,18.8202,76.1094,20417
Lambari,BR,-21.9756,-45.3503,20414
Urucuca,BR,-14.5931,-39.2844,20413
eMkhomazi,ZA,-30.2067,30.7964,20410
Jaboticatubas,BR,-19.5136,-43.745,20406
Pariyaram,IN,12.0588,75.3248,20405
French Rocks,IN,12.5009,76.6742,20399
Itajuipe,BR,-14.6781,-39.375,20398
Maracas,BR,-13.4411,-40.4308,20393
Tanhacu,BR,-14.0214,-41.2481,20393
Barra da Estiva,BR,-13.6261,-41.3269,20392
Potim,BR,-22.8428,-45.2514,20392
Mafemani,ZA,-24.7886,31.0794,20389
Itororo,BR,-15.1169,-40.0703,20388
Rio Formoso,BR,-8.6688,-35.1628,20388
Ahiwara,IN,21.358,81.4179,20384
Jaguaruna,BR,-28.6214,-49.0253,20375
Bada,IN,26.0648,75.0216,20372
Sarwar,IN,26.2425,75.1287,20372
Edavilangu,IN,10.2403,76.171,20363
Jhalu,IN,29.3361,78.2261,20356
Abare,BR,-8.7203,-39.1139,20347
Paulo Ramos,BR,-4.4477,-45.2405,20341
Killannur,IN,10.5992,76.218,20339
Mundra,IN,22.8392,69.7219,20338
Bombinhas,BR,-27.1518,-48.4894,20335
Cuite,BR,-6.4836,-36.1536,20334
Riachao,BR,-7.3619,-46.6172,20334
Sao Jose de Piranhas,BR,-7.1206,-38.5019,20329
Monte Azul,BR,-15.155,-42.8747,20328
Byndoor,IN,13.8667,74.6333,20323
Chapar,IN,26.2727,90.4456,20322
Kondalampatti,IN,11.6345,78.1237,20318
Bawani Khera,IN,28.9492,76.0311,20289
Basi,IN,30.6885,76.4011,20288
Alampalaiyam,IN,11.3635,77.7677,20286
Malangawa,NP,26.8562,85.5603,20284
Sao Felipe,BR,-12.8472,-39.0894,20283
Chorozinho,BR,-4.3003,-38.4978,20274
Aragarcas,BR,-15.8975,-52.2508,20273
Umbri,IN,20.7137,77.0264,20262
Ervalia,BR,-20.84,-42.6572,20255
Wellington,IN,11.3655,76.7844,20254
Harij,IN,23.6936,71.907,20253
Buri,BR,-23.7975,-48.5928,20250
Raipur Domana,IN,32.7984,74.7827,20238
Settur,IN,9.4056,77.4784,20228
Penukonda,IN,14.0829,77.5947,20220
Waluj Buzurg,IN,19.7963,75.2265,20220
Srinagar,IN,30.2224,78.7834,20216
Quiterianopolis,BR,-5.8443,-40.7019,20213
Pompeia,BR,-22.1086,-50.1717,20196
Kataiya,IN,26.5681,84.0833,20193
Uruburetama,BR,-3.625,-39.5083,20189
Nirmali,IN,26.314,86.5854,20189
Surajpur,IN,23.2135,82.8684,20189
Carolina,ZA,-26.0693,30.1149,20184
Puliyankannu,IN,12.9392,79.3079,20171
Monte Alegre de Minas,BR,-18.8706,-48.8808,20170
Morwa,IN,22.9047,73.8391,20168
Pattyam,IN,11.793,75.5641,20161
Medina,BR,-16.2225,-41.4769,20156
Kaimori,IN,23.3847,79.7442,20154
Mau,IN,26.2658,78.6711,20147
Regente Feijo,BR,-22.2214,-51.3028,20145
Pudussery West,IN,10.788,76.7279,20140
Mau Aimma,IN,25.6952,81.9234,20123
Chinnavadampatti,IN,11.0615,76.9838,20122
Belmonte,BR,-15.8613,-38.8798,20121
Falakata,IN,26.5196,89.2042,20119
Porto Real do Colegio,BR,-10.1858,-36.84,20112
Suleswaranpatti,IN,10.6388,77.0084,20104
Pindobacu,BR,-10.7417,-40.3608,20098
Dhaurahra,IN,27.9981,81.0897,20098
Khairagarh,IN,26.9435,77.8182,20095
Maksi,IN,23.26,76.1457,20094
Beruri,BR,-3.8983,-61.3731,20093
Nova Hartz,BR,-29.5843,-50.9028,20088
Jijoca de Jericoacoara,BR,-2.895,-40.4492,20087
Barroso,BR,-21.1869,-43.9758,20080
Annur,IN,11.2362,77.1051,20079
Pulwama,IN,33.874,74.8996,20071
Sirumugai,IN,11.3214,77.0052,20066
Lucelia,BR,-21.7203,-51.0189,20061
Schroeder,BR,-26.4125,-49.0731,20061
Singanuram,IN,18.8222,79.5017,20061
Dergaon,IN,26.7,93.9667,20059
Hidrolandia,BR,-4.408,-40.4041,20053
Cheppad,IN,9.2346,76.4733,20052
Khowai,IN,24.0796,91.5997,20046
Govardhan,IN,27.4966,77.4626,20044
Saraipali,IN,21.3153,83.0063,20043
Paravai,IN,9.9645,78.0667,20042
Belfast,ZA,-25.6899,30.035,20036
Salgado,BR,-11.0319,-37.475,20025
Presidente Getulio,BR,-27.0506,-49.6228,20010
Khalari,IN,23.6506,85.0074,20010
Queensdale,ZA,-31.871,26.9786,20009
Raya,IN,27.5561,77.7897,20008
Tupancireta,BR,-29.0806,-53.8358,20005
Campinas,BR,-27.5944,-48.6069,20000
Turmalina,BR,-17.2856,-42.73,20000
Pamuru,IN,15.0963,79.4117,20000
Powai,IN,19.1164,72.9047,20000
Sawar,IN,25.7557,75.2229,20000
Sook Kalan,PK,32.597,74.1465,20000
Surkhpur,PK,32.7182,74.4477,20000
Franschhoek,ZA,-33.9108,19.1198,20000
Cantagalo,BR,-21.9811,-42.3681,19996
Belonia,IN,23.2518,91.4541,19996
Castilho,BR,-20.8722,-51.4875,19977
Vazante,BR,-17.9869,-46.9078,19975
Takhatpur,IN,22.1291,81.8696,19968
Sullya,IN,12.561,75.3874,19958
Rubiataba,BR,-15.1644,-49.8033,19947
Bhusawar,IN,27.0389,77.0485,19946
Chunchupally,IN,17.5233,80.6041,19944
Charthawal,IN,29.5469,77.5944,19942
Siswa Bazar,IN,27.1465,83.758,19939
Aracoiaba,BR,-7.7903,-35.0908,19936
Candido Mendes,BR,-1.4532,-45.7283,19932
Birpur,IN,26.5082,87.0119,19932
Novo Airao,BR,-2.6214,-60.9442,19928
Kandalloor,IN,9.1756,76.4713,19925
Dhanaula,IN,30.2822,75.5734,19920
Livramento do Brumado,BR,-13.6515,-41.8456,19914
Dhoro Naro,PK,25.5048,69.5709,19907
L.A.Sagaram,IN,13.9034,79.8906,19904
Umirim,BR,-3.6772,-39.3503,19903
Sarigam INA,IN,20.2885,72.8503,19903
Kanjiramkulam,IN,8.3598,77.0525,19902
Anuppur,IN,23.1034,81.6908,19899
Moirang,IN,24.4975,93.7779,19893
Nattappettai,IN,12.8187,79.7493,19883
Bali,IN,25.1973,73.2912,19880
Andira,BR,-23.0506,-50.2289,19878
Ubaira,BR,-13.2681,-39.6628,19877
Bokajan,IN,26.0213,93.7794,19877
Ranikhet,IN,29.6408,79.4323,19873
Sirka,IN,23.6456,85.4333,19871
Dhaunkal,PK,32.4061,74.1371,19871
Boriavi,IN,22.6112,72.9328,19865
Madalena,BR,-4.8572,-39.5767,19864
Lagoa do Itaenga,BR,-7.9361,-35.2903,19863
Ibirama,BR,-27.0569,-49.5178,19862
Aurad,IN,18.254,77.4176,19849
Sankaraperi,IN,8.8387,78.1051,19844
Itarantim,BR,-15.6597,-40.0656,19843
Santa Luzia do Para,BR,-1.5236,-46.8975,19843
Kulu,IN,31.9583,77.1082,19831
Kalinjur,IN,12.9534,79.1337,19828
Vila Rica,BR,-10.0117,-51.1164,19827
Chetput,IN,12.464,79.3484,19827
Rio Verde de Mato Grosso,BR,-18.9181,-54.8442,19818
Kolavallur,IN,11.7507,75.6199,19817
Sonari,IN,27.0246,95.0163,19810
Itaparica,BR,-12.8883,-38.6786,19789
Deoranian,IN,28.6299,79.4765,19788
Ibicoara,BR,-13.4132,-41.2857,19786
Araripe,BR,-7.2134,-40.137,19783
Ayla Patakata,BD,22.2173,90.2096,19782
Palmeirandia,BR,-2.6453,-44.895,19781
Kolaras,IN,25.2193,77.6117,19781
Chinna Andankovil,IN,10.9511,78.0681,19779
Raval,IN,21.9191,69.4818,19777
Chandur,IN,20.8141,77.9801,19776
Kannankurichchi,IN,11.6969,78.1794,19765
Kattanam,IN,9.1761,76.5632,19764
Ghatkesar,IN,17.4508,78.6837,19763
Borgaon,IN,20.7227,78.6039,19759
Simonesia,BR,-20.1239,-42.0014,19750
Sendamangalam,IN,11.2811,78.2342,19750
Tres Barras,BR,-26.1064,-50.3222,19746
Chhapar,IN,27.819,74.4394,19744
Udangudi,IN,8.4292,78.0297,19738
Tirumeshi,IN,13.0534,80.06,19733
Kerur,IN,16.0138,75.5463,19731
Verukulambu,IN,8.2953,77.2939,19730
Alhandra,BR,-7.4386,-34.9144,19727
Caraubas,BR,-5.7925,-37.5567,19727
Vaalwater,ZA,-24.2957,28.1141,19723
Shahpur,IN,21.2374,76.2256,19719
Castelo do Piaui,BR,-5.3222,-41.5525,19715
Jhinjhana,IN,29.5212,77.2247,19711
Kumbhraj,IN,24.3734,77.0484,19707
Natona,BD,22.0513,90.032,19705
Khangarh,PK,29.9145,71.1607,19698
Sarai Naurang,PK,32.8258,70.7811,19694
Bareja,IN,22.8486,72.5914,19690
Vadakku Viravanallur,IN,8.6979,77.5192,19689
Mokeri,IN,11.7776,75.5731,19684
Samrala,IN,30.836,76.1932,19678
Rafael Jambeiro,BR,-12.4083,-39.5009,19662
Junagarh,IN,19.8599,82.9339,19656
Buriti dos Lopes,BR,-3.175,-41.8669,19654
Nalco,IN,20.8654,85.1828,19644
Miracatu,BR,-24.2814,-47.4597,19643
Cachoeira do Piria,BR,-1.7597,-46.545,19630
Ampere,BR,-25.915,-53.4728,19620
Badi,IN,23.0367,78.0842,19603
Charipara,IN,23.8091,91.2481,19598
Resubelpara,IN,25.904,90.6075,19595
Palmital,BR,-22.7889,-50.2175,19594
Jharoda Kalan,IN,28.6526,76.9521,19578
Kalmeshwar,IN,21.2322,78.9199,19578
Engenheiro Coelho,BR,-22.4912,-47.2118,19566
Vargem Alta,BR,-20.6714,-41.0069,19563
Ncotshane,ZA,-27.342,31.58,19562
Lawar Khas,IN,29.1109,77.7777,19556
Agua Branca,BR,-9.2608,-37.9361,19550
Sriramnagar,IN,17.2665,78.2554,19550
Carai,BR,-17.1889,-41.6947,19548
Mulakumud,IN,8.2681,77.286,19538
Pattan,IN,34.1613,74.5563,19538
Carnaiba,BR,-7.8053,-37.7939,19533
Bagbahra,IN,21.0461,82.3864,19529
Gharo,PK,24.7418,67.5853,19524
Bhadrapur,NP,26.544,88.0944,19523
Ipanema,BR,-19.8008,-41.7131,19522
Pauini,BR,-7.7136,-66.9764,19522
Vaalbank,ZA,-25.1523,28.8556,19517
Visavadar,IN,21.3395,70.7497,19515
Sao Jose da Coroa Grande,BR,-8.8978,-35.1478,19511
Pinahat,IN,26.8849,78.3765,19511
Pennadam,IN,11.4039,79.2416,19494
Nainwa,IN,25.7715,75.8498,19485
Rameswaram,IN,14.7401,78.5426,19483
Jansath,IN,29.325,77.8504,19467
Santrampur,IN,23.1902,73.8953,19465
Richha,IN,28.6947,79.5228,19459
Bhayavadar,IN,21.8552,70.2479,19458
Miguelopolis,BR,-20.1794,-48.0319,19441
Freguesia,BR,-22.7895,-43.1721,19437
Aistala,IN,23.18,88.58,19425
Itaquirai,BR,-23.4744,-54.185,19423
Taquarana,BR,-9.645,-36.4972,19422
Nova Granada,BR,-20.5339,-49.3142,19419
Methukummal,IN,8.3075,77.1521,19417
eMuziwezinto,ZA,-30.31,30.6627,19415
Gannavaram,IN,16.5409,80.8021,19410
Afranio,BR,-8.515,-41.005,19409
Amarpatan,IN,24.3137,80.977,19409
Sojitra,IN,22.5388,72.7198,19403
Umburanas,BR,-10.7328,-41.3264,19402
Singur,IN,22.8092,88.2294,19402
Singarayakonda,IN,15.2305,80.0279,19400
Paranapanema,BR,-23.3863,-48.7244,19395
Horizontina,BR,-27.6258,-54.3078,19389
Punnayur,IN,10.6521,75.9951,19387
Wenceslau Braz,BR,-23.8739,-49.8028,19386
Konnur,IN,16.2014,74.7489,19386
Senges,BR,-24.1134,-49.4631,19385
Narwar,IN,25.6439,77.9129,19385
Weir,IN,27.0186,77.1764,19385
Riversdale,ZA,-34.0934,21.2572,19382
Chapada dos Guimaraes,BR,-15.4606,-55.7497,19374
Wazirganj,IN,28.2114,79.0567,19372
Kakdwip,IN,21.8791,88.1913,19368
Canto do Buriti,BR,-8.11,-42.9444,19365
Tamenglong,IN,25.0164,93.4855,19363
Jhol,PK,25.9553,68.8887,19363
Baddomalhi,PK,31.9904,74.6641,19351
Jalochi,IN,18.1566,74.6071,19346
Kaimur,IN,24.0544,80.6136,19343
Maholi,IN,27.6637,80.4737,19343
Bilhaur,IN,26.8435,80.0639,19333
Presidente Medici,BR,-11.1753,-61.9014,19327
Bhit Shah,PK,25.8056,68.4914,19325
Mangalam,IN,13.6575,79.4626,19318
Raja Pur Khurd,IN,28.6352,77.033,19312
Khanapur,IN,15.6397,74.5085,19309
Pacaraima,BR,4.4314,-61.1464,19305
Tiruppalai,IN,9.9779,78.1329,19305
Sobradinho,BR,-12.8333,-39.1,19304
Marechal Thaumaturgo,BR,-8.9411,-72.7917,19299
Mancio Lima,BR,-7.6142,-72.8958,19294
Burhar,IN,23.2149,81.532,19289
Nimaparha,IN,20.0576,86.0044,19289
Deoli,IN,20.6492,78.4802,19288
Devadanapatti,IN,10.1467,77.6439,19285
Hamirpur,IN,31.6841,76.5251,19280
Rio Bananal,BR,-19.265,-40.3333,19274
Laksar,IN,29.7587,78.0415,19270
Vakkam,IN,8.6845,76.7675,19267
Ezhome,IN,12.03,75.2819,19261
Ammainaickanur,IN,10.1671,77.9132,19257
Utinga,BR,-12.0817,-41.0944,19256
Ourolandia,BR,-10.9714,-41.0796,19243
Kesinga,IN,20.1878,83.2195,19239
Pariquera-Acu,BR,-24.715,-47.8811,19233
Chhaprauli,IN,29.2099,77.1745,19224
Sardulgarh,IN,29.6922,75.2361,19219
Hoopstad,ZA,-27.8327,25.9083,19209
Maduraivayal,IN,13.0631,80.1719,19208
Hirekerur,IN,14.4551,75.3952,19191
Kottayam,IN,11.8252,75.5478,19176
Shehera,IN,22.9508,73.6312,19175
Jaicos,BR,-7.3592,-41.1378,19170
Chopinzinho,BR,-25.8558,-52.5233,19167
Burgersdorp,ZA,-30.9977,26.3286,19159
Surianwan,IN,25.4639,82.4192,19157
Zeerust,ZA,-25.537,26.0751,19154
Itaobim,BR,-16.5617,-41.5033,19151
Guaranesia,BR,-21.2992,-46.8025,19150
Papanduva,BR,-26.3703,-50.1444,19150
Capanema,BR,-25.6719,-53.8089,19148
Rijokri,IN,28.5139,77.1151,19148
Kadikkad,IN,10.6705,75.9797,19147
Biswanath Chariali,IN,26.7258,93.1466,19145
Siwani,IN,28.9091,75.6147,19143
Abadia de Goias,BR,-16.7572,-49.4375,19128
Contenda,BR,-25.6792,-49.5372,19128
Khai Gala,PK,33.8459,73.8272,19119
Honnavar,IN,14.2809,74.445,19109
Caiaponia,BR,-16.9567,-51.8103,19107
Encruzilhada,BR,-15.5314,-40.9094,19107
Jalladiampet,IN,12.9203,80.2081,19100
Torur,IN,17.5835,79.6586,19100
Mir Pur Turk,IN,28.7049,77.2642,19098
Bhitarwar,IN,25.7922,78.1108,19096
Kallukuttam,IN,8.1887,77.2878,19093
Chautapal,IN,17.258,78.8978,19092
Tshitereke,ZA,-22.8842,30.4936,19092
Arang,IN,21.1964,81.9691,19091
Itatinga,BR,-23.1017,-48.6158,19070
Dharmkot,IN,30.9456,75.2324,19057
Kirandul,IN,18.6365,81.2583,19053
Guaratinga,BR,-16.582,-39.7812,19049
Cesario Lange,BR,-23.2267,-47.9531,19048
Kothakota,IN,16.38,77.94,19042
Katangi,IN,23.4412,79.7962,19040
Amlagora,IN,22.8462,87.3356,19038
Karthikappally,IN,9.2568,76.4487,19021
Amargadhi,NP,29.2992,80.5833,19014
Conceicao,BR,-7.5622,-38.5089,19007
Anshing,IN,20.0409,77.315,19000
Kruisfontein,ZA,-34.0033,24.7314,18991
Parichhatgarh,IN,28.9784,77.9342,18990
Tiruvattar,IN,8.3307,77.2673,18985
Barao de Grajau,BR,-6.7564,-43.0242,18984
Kesariya,IN,26.3499,84.8709,18984
Bhor,IN,18.1486,73.8434,18982
Jaguaripe,BR,-13.1133,-38.8956,18981
Sao Raimundo das Mangabeiras,BR,-7.0219,-45.4811,18980
Kadachira,IN,11.8369,75.449,18979
Kulpahar,IN,25.3201,79.6393,18976
Khariar Road,IN,20.8987,82.5089,18967
Punjai Puliyampatti,IN,11.3516,77.1667,18967
Kunnimangalam,IN,12.0735,75.2412,18965
Parnamirim,BR,-8.0906,-39.5783,18960
Antonina,BR,-25.4286,-48.7119,18949
Kharsia,IN,21.9895,83.1048,18939
Nahorkatiya,IN,27.286,95.328,18937
Matiari,PK,25.5971,68.4467,18929
Khilchipur,IN,24.0394,76.578,18928
Mulgund,IN,15.2807,75.5213,18928
Terra Santa,BR,-2.1042,-56.4869,18917
Cabaceiras do Paraguacu,BR,-12.5356,-39.1908,18911
Kansapur,IN,30.1455,77.2663,18909
Japaratuba,BR,-10.5933,-36.9403,18907
Lagoa Formosa,BR,-18.7786,-46.4075,18904
Sabie,ZA,-25.0999,30.78,18903
Montanha,BR,-18.1269,-40.3633,18900
Tonantins,BR,-2.8731,-67.8022,18897
Somandepalle,IN,14.0077,77.6085,18895
Pancas,BR,-19.225,-40.8514,18893
Sriramnagar,IN,18.2833,83.5342,18893
Gummidipundi,IN,13.4077,80.1088,18891
Koath,IN,25.3264,84.2598,18890
Marturu,IN,10.1717,76.4264,18890
Manga,BR,-14.7558,-43.9322,18886
Manchar,IN,19.0044,73.9435,18876
Shahpur,IN,29.3501,77.5516,18874
Marahra,IN,27.7368,78.5689,18873
Mundgod,IN,14.9714,75.0366,18866
Bhati,IN,28.4295,77.2257,18864
Chicholi,IN,21.4693,79.7015,18864
Malvan,IN,16.0598,73.4629,18858
Capoeiras,BR,-8.7347,-36.6267,18854
Pahasu,IN,28.1722,78.0638,18854
Lateri,IN,24.0609,77.4104,18844
Varzelandia,BR,-15.7014,-44.0275,18840
Tadikombu,IN,10.439,77.9546,18838
Chhipa Barod,IN,24.6236,76.7078,18837
Akbarpur,IN,26.3837,79.9493,18835
Lagoa da Canoa,BR,-9.8297,-36.7378,18831
Maithon,IN,23.78,86.81,18830
Chhiri,IN,20.3778,72.9411,18829
Porto Acre,BR,-9.5883,-67.5325,18824
Itapororoca,BR,-6.8297,-35.2472,18823
Mallasamudram,IN,11.4933,78.0312,18820
Ranipur,IN,25.2503,79.062,18820
Cocos,BR,-14.1839,-44.5344,18807
Pastos Bons,BR,-6.6017,-44.0767,18802
Gadhra,IN,22.7467,86.2455,18801
Solsumba,IN,20.1575,72.7891,18796
Sao Gabriel,BR,-11.2287,-41.8765,18789
Chandur Bazar,IN,21.2385,77.7471,18780
Sompeta,IN,18.9442,84.5845,18778
Gangapur,IN,25.2195,74.2603,18777
Chanod,IN,20.3467,72.9283,18776
Banur,IN,30.5541,76.7195,18775
Presidente Olegario,BR,-18.4178,-46.4181,18765
Serrita,BR,-7.9333,-39.2958,18764
Paranda,IN,18.2632,75.4632,18758
Epitaciolandia,BR,-11.0289,-68.7414,18757
Shadipur Julana,IN,29.1237,76.4052,18755
Rakkiyapalaiyam,IN,11.1061,76.9425,18749
Kammivapettai,IN,11.753,79.7457,18745
Marechal Floriano,BR,-20.4128,-40.6831,18743
Altonia,BR,-23.8744,-53.9017,18742
Amod,IN,21.9932,72.8705,18742
Cruz Machado,BR,-26.0175,-51.3467,18741
Rangapara,IN,26.8377,92.6688,18739
Nanauta,IN,29.7122,77.4173,18738
Raybag,IN,16.4918,74.7739,18736
Kundgol,IN,15.2561,75.2473,18726
Murbad,IN,19.2539,73.3899,18725
Warah,PK,27.448,67.7965,18724
Lonand,IN,18.0404,74.1872,18723
Tiruvankod,IN,8.2452,77.301,18723
Pedra Preta,BR,-16.6231,-54.4739,18722
Una,IN,31.4649,76.2691,18722
Chuhar Jamali,PK,24.3944,67.993,18721
Picui,BR,-6.5106,-36.3469,18720
Sao Benedito do Rio Preto,BR,-3.3336,-43.5283,18717
Belem de Sao Francisco,BR,-8.7539,-38.9658,18713
Pocinhos,BR,-7.0767,-36.0611,18708
Aroeiras,BR,-7.5453,-35.7075,18705
Carius,BR,-6.5372,-39.4967,18699
Zastron,ZA,-30.3023,27.084,18699
Palda,IN,22.68,75.8939,18697
Haldaur,IN,29.2899,78.2844,18686
Canta,BR,2.6103,-60.5975,18682
Srirampur,IN,22.9485,88.0195,18682
Mandvi,IN,21.2553,73.3041,18669
Valabhipur,IN,21.8887,71.8794,18663
Kardhan,IN,30.3177,76.866,18662
Kalayat,IN,29.6766,76.2556,18660
Bacuri,BR,-1.7275,-45.1422,18654
Kurumathur,IN,12.0397,75.4114,18641
Kim,IN,21.4008,72.9268,18638
Mamsapuram,IN,9.4996,77.5879,18635
Ribeirao Branco,BR,-24.2208,-48.7656,18627
Mangattidam,IN,11.8433,75.5437,18627
Sanharo,BR,-8.3606,-36.5656,18624
Silvani,IN,23.3026,78.4408,18623
Seara,BR,-27.1494,-52.3106,18620
Carlos Chagas,BR,-17.7031,-40.7664,18615
Guara,BR,-20.4283,-47.8242,18606
Tyagadurgam,IN,11.7411,79.077,18605
Mairi,BR,-11.7114,-40.1489,18602
Kharupatia,IN,26.5184,92.1472,18599
Bredasdorp,ZA,-34.5322,20.0403,18599
Palappallam,IN,8.2095,77.2476,18589
Haji Shah,PK,33.8769,72.3276,18586
Palaiyampatti,IN,9.5392,78.0984,18576
Marquard,ZA,-28.6645,27.4305,18573
Nadim Tiruvuru,IN,17.1121,80.6088,18567
Jadugora,IN,22.6536,86.356,18563
Bhadaur,IN,30.4765,75.3305,18561
Bhoom,IN,18.4591,75.6588,18561
Durgapur,IN,20.0054,79.3027,18561
Morros,BR,-2.8644,-44.0394,18554
Matipo,BR,-20.2839,-42.3411,18552
Chandili,IN,19.2466,83.4058,18552
Garuva,BR,-26.0267,-48.855,18545
Phalauda,IN,29.1882,77.83,18545
Una,BR,-15.2933,-39.0753,18544
Morro da Fumaca,BR,-28.6508,-49.21,18537
Lachi,PK,33.3829,71.3373,18537
Bank,IN,22.703,75.8039,18534
Harpalpur,IN,25.2877,79.3328,18529
Cafarnaum,BR,-11.6936,-41.4683,18513
Taftan,PK,28.9469,61.5866,18510
Anicuns,BR,-16.4611,-49.9617,18503
Driekoppies,ZA,-25.6978,31.564,18498
Potirendaba,BR,-21.0428,-49.3772,18496
Rampura,IN,24.467,75.44,18495
Jogipet,IN,17.8356,78.0681,18494
Colina,BR,-20.7133,-48.5408,18486
Alang,IN,21.3988,72.1754,18480
Barka Kana,IN,23.6212,85.4675,18475
Mirangaba,BR,-10.9544,-40.5758,18474
Deshnoke,IN,27.7984,73.343,18470
Uttangarai,IN,12.2671,78.5378,18470
Chicholi,IN,21.2664,79.1156,18469
Mukandgarh,IN,27.9521,75.2243,18469
Alcantara,BR,-2.4041,-44.4167,18467
Savli,IN,22.5619,73.2232,18467
Tondi,IN,9.7417,79.0177,18465
Comodoro,BR,-13.6631,-59.7858,18461
Kannapuram,IN,11.9843,75.3041,18459
Cafelandia,BR,-24.6178,-53.32,18456
Pottanur,IN,11.1098,77.9888,18455
Padampur,IN,29.7089,73.6254,18454
Aguas Formosas,BR,-17.0822,-40.9358,18448
Gubbi,IN,13.3122,76.941,18446
Unchahra,IN,24.3825,80.7809,18442
Baroda,IN,25.5,76.65,18437
Khali Kachigam,IN,20.3833,72.8667,18434
Namrup,IN,27.194,95.3193,18432
Neral,IN,19.0248,73.3169,18429
Sirgitti,IN,22.0471,82.1487,18428
Mandapam,IN,9.2757,79.1236,18427
Along,IN,28.1695,94.8006,18425
Governador Edison Lobao,BR,-5.7451,-47.364,18411
Kota,IN,22.2951,82.0237,18405
Formoso do Araguaia,BR,-11.7967,-49.5289,18399
Quitandinha,BR,-25.8725,-49.4978,18398
Inhapi,BR,-9.2214,-37.7486,18392
Reriutaba,BR,-4.1417,-40.5822,18385
Jussara,BR,-15.865,-50.8681,18371
Moram,IN,17.7881,76.4708,18371
Pirapora do Bom Jesus,BR,-23.3969,-47.0022,18370
Kadipur,IN,28.774,77.1631,18369
Baependi,BR,-21.9589,-44.89,18366
Chhoti Sadri,IN,24.3815,74.7012,18360
Vazhakulam,IN,10.0938,76.4198,18358
Solonopole,BR,-5.7333,-39.0075,18357
Clydesdale,ZA,-30.2983,29.9377,18357
Fort Gloster,IN,22.5044,88.1833,18350
Seppa,IN,27.3617,93.0399,18350
Majhiaon Kalan,IN,24.3243,83.8161,18349
Thakurganj,IN,26.4274,88.1311,18348
Naldurg,IN,17.8167,76.2818,18341
Batalha,BR,-9.6778,-37.1247,18338
Thasra,IN,22.7983,73.2117,18337
Amaraji,BR,-8.3831,-35.4525,18335
Bada Malhera,IN,24.5641,79.3071,18335
Kakori,IN,26.868,80.7857,18332
Alangayam,IN,12.6224,78.7521,18327
Cheranmahadevi,IN,8.6755,77.5696,18327
Ibipeba,BR,-11.6408,-42.0111,18319
Ramjibanpur,IN,22.8282,87.6089,18318
Darchula,NP,29.83,80.55,18317
Riachao do Dantas,BR,-11.0689,-37.725,18313
Esperantinopolis,BR,-4.877,-44.8821,18311
Taio,BR,-27.1164,-49.9981,18310
Hutagalli,IN,12.3417,76.5863,18308
Howli,IN,26.4224,90.98,18301
Alpinopolis,BR,-20.8636,-46.3881,18300
Daboh,IN,26.0024,78.8766,18298
Talod,IN,23.3514,72.95,18298
Sapucaia,BR,-21.995,-42.9144,18289
Palugal,IN,8.3536,77.1859,18276
Paraibano,BR,-6.4331,-43.9836,18274
Buerarema,BR,-14.9594,-39.2997,18269
Kinross,ZA,-26.4166,29.0867,18266
Maraa,BR,-1.853,-65.5743,18261
Inam Maniyachi,IN,9.1706,77.8512,18258
Ghogardiha,IN,26.2799,86.47,18257
Kriel,ZA,-26.25,29.26,18255
Aguas de Lindoia,BR,-22.4764,-46.6328,18245
Vengikkal,IN,12.2642,79.0674,18244
Xapuri,BR,-10.6517,-68.5044,18243
Udaipura,IN,23.0743,78.5111,18236
Julio de Castilhos,BR,-29.2269,-53.6817,18226
Behat,IN,30.1718,77.6139,18223
Baixa Grande,BR,-11.9597,-40.1681,18220
Farias Brito,BR,-6.9281,-39.5723,18217
Nazare Paulista,BR,-23.1811,-46.395,18217
Trikarpur North,IN,12.1458,75.1748,18210
Khetri,IN,28.0007,75.7864,18209
Sao Francisco de Assis,BR,-29.5503,-55.1311,18205
Rio Maria,BR,-7.3106,-50.0483,18201
Kheri Nangal,IN,29.3544,76.9774,18195
Pasthal,IN,19.8202,72.7296,18194
Kariapatti,IN,9.6751,78.0999,18191
Gairtganj,IN,23.4102,78.2208,18184
Tezu,IN,27.9126,96.1288,18184
Montagu,ZA,-33.7866,20.1211,18182
Jalali,IN,27.8668,78.2527,18177
Jand,PK,33.433,72.0188,18170
Barreiro do Jaiba,BR,-15.6153,-43.5919,18167
Gaurela,IN,22.7545,81.9011,18165
Muniz Freire,BR,-20.4642,-41.4131,18153
Sao Luis Gonzaga do Maranhao,BR,-4.3788,-44.6711,18153
Souzas,BR,-22.8792,-46.9644,18152
Monte Azul Paulista,BR,-20.9072,-48.6414,18151
Ndevana,ZA,-32.9077,27.5097,18151
Campo do Brito,BR,-10.7333,-37.4933,18149
Indiaroba,BR,-11.5192,-37.5117,18149
Jaguaretama,BR,-5.6128,-38.7669,18147
Singampunari,IN,10.1862,78.415,18143
Moonak,IN,29.8253,75.8906,18141
Palayad,IN,11.5505,75.6289,18141
Alice,ZA,-32.7875,26.8344,18141
Croata,BR,-4.4159,-40.9047,18133
Sao Caetano de Odivelas,BR,-0.75,-48.02,18129
Vettaikkaranpudur,IN,10.5621,76.913,18128
Pichor,IN,25.1756,78.1886,18127
Charamaddi,BD,22.642,90.426,18122
Bakarwala,IN,28.6678,77.0201,18122
Koipadi,IN,12.593,74.9626,18121
Dera Bugti,PK,29.0362,69.1585,18120
Terra Roxa,BR,-24.1567,-54.0969,18119
Campos Belos,BR,-13.0367,-46.7717,18108
Matelandia,BR,-25.2404,-53.9824,18107
Varjota,BR,-4.1944,-40.4767,18105
Mucajai,BR,2.4399,-60.9115,18095
Areia Branca,BR,-10.7578,-37.3153,18081
Machai,IN,15.7926,74.4841,18073
Eruvadi,IN,8.4439,77.6044,18067
Namminikara,IN,10.4322,76.2542,18067
Thara,IN,23.9734,71.8192,18060
Jhalida,IN,23.3654,85.9764,18057
Aurangabad Cantonment,IN,19.8761,75.2916,18051
Fatehgarh Churian,IN,31.8643,74.9566,18051
Mendes,BR,-22.5267,-43.7328,18049
Kunnummal,IN,11.6832,75.7108,18031
Cristinapolis,BR,-11.4756,-37.7553,18029
Sao Joao do Rio do Peixe,BR,-6.7292,-38.4489,18026
Camocim de Sao Felix,BR,-8.3586,-35.7619,18018
Kattur,IN,10.3732,76.1668,18017
Vadamadurai,IN,10.4408,78.0978,18015
Fundao,BR,-19.9341,-40.4047,18014
Tirumala,IN,13.6833,79.35,18013
Campina Verde,BR,-19.5379,-49.4881,18011
Bhogpur,IN,31.5544,75.6427,18008
Patiriyat,IN,11.849,75.5147,18008
Groot-Brakrivier,ZA,-34.0437,22.2257,18008
Carmopolis de Minas,BR,-20.5414,-44.635,18003
Satyamangala,IN,13.0193,76.1243,18002
Bhattiprolu,IN,16.1026,80.7807,18001
Musa Banda/Musa khan kallay,PK,34.0337,72.4818,18000
Barjala,IN,23.6182,91.356,17998
Serra Preta,BR,-12.1603,-39.3317,17996
Nalloor,IN,8.3064,77.224,17989
Mahishadal,IN,22.1862,87.9807,17988
Sir Muttra,IN,26.515,77.3721,17988
Itabera,BR,-23.8619,-49.1372,17983
Lagoa do Carro,BR,-7.8447,-35.3197,17981
Regeneracao,BR,-6.2312,-42.6869,17979
Dumjor,IN,22.6199,88.2457,17972
Santo Anastacio,BR,-21.9758,-51.6514,17963
Ourem,BR,-1.5519,-47.1144,17961
Jadcherla,IN,16.7738,78.1367,17958
Noamundi,IN,22.1609,85.5042,17954
Barwala,IN,22.2198,72.0675,17951
Rio Claro,BR,-22.7231,-44.1356,17950
Warrenton,ZA,-28.114,24.8475,17946
Narauli,IN,28.4855,78.7148,17945
Arukutti,IN,9.8667,76.35,17944
Murudeshwara,IN,14.0943,74.4845,17938
Nilokheri,IN,29.8367,76.9319,17938
Querencia,BR,-12.5969,-52.1997,17937
Miracema do Tocantins,BR,-9.5672,-48.3917,17936
Anori,BR,-3.7728,-61.6442,17932
Nateputa,IN,17.8989,74.7522,17930
Honnali,IN,14.2398,75.6451,17928
Titabor Town,IN,26.5919,94.1945,17920
Olho d'Agua das Cunhas,BR,-4.1387,-45.1188,17919
Samdari,IN,25.813,72.5788,17915
Ituacu,BR,-13.8133,-41.2967,17914
Saiyad-ul-ajaib,IN,28.5192,77.2035,17914
Nao-Me-Toque,BR,-28.4592,-52.8208,17898
Filadelfia,BR,-10.7428,-40.1319,17897
Fatima,BR,-10.6,-38.2167,17895
Pudunagaram,IN,10.6802,76.6836,17892
Bayad,IN,23.2234,73.2149,17886
Remigio,BR,-6.966,-35.7951,17885
Kanjari,IN,22.6124,72.9211,17881
Vadlapudi,IN,14.3112,79.8043,17881
Bhindar,IN,24.5023,74.1855,17878
Luz,BR,-19.8014,-45.6856,17875
Piranvadi,IN,15.802,74.4801,17874
V.S.K.Valasai (Dindigul-Dist.),IN,10.3155,78.1514,17865
Handia,IN,25.3638,82.1865,17861
Pontalina,BR,-17.525,-49.4472,17860
Avalepalli,IN,12.7714,77.8594,17859
Narasimhanaickenpalayam,IN,11.1173,76.9363,17858
Adiyanuthu,IN,10.3308,77.9812,17851
Dormentes,BR,-8.4472,-40.7711,17850
Sarai Mir,IN,26.027,82.9184,17849
Curionopolis,BR,-6.1017,-49.5981,17846
Tekwane,ZA,-25.4778,31.1456,17846
Tral,IN,33.9271,75.1158,17844
Akalkuva,IN,21.5543,74.0192,17840
Belterra,BR,-2.6364,-54.9372,17839
Major Isidoro,BR,-9.5322,-36.985,17834
Cerro Azul,BR,-24.8236,-49.2611,17833
Porciuncula,BR,-20.9628,-42.0408,17832
Sao Jose dos Quatro Marcos,BR,-15.6214,-58.1764,17830
Bhikhi,IN,30.0592,75.535,17825
Silappadi,IN,10.394,78.0078,17824
Kulattuppalaiyam,IN,10.7613,77.5842,17819
Itanhem,BR,-17.1664,-40.33,17813
Ramachettipalaiyam,IN,10.9582,76.9201,17809
Tshiame,ZA,-28.3306,28.9909,17800
Jucurutu,BR,-6.0339,-37.0203,17793
Bilgi,IN,16.3471,75.618,17792
Apora,BR,-11.6603,-38.0814,17788
Capistrano,BR,-4.47,-38.9014,17786
Nagamangala,IN,12.8194,76.7546,17776
Tartarugalzinho,BR,1.5056,-50.9119,17769
Shahpur,IN,25.6029,84.4041,17767
Damnagar,IN,21.6923,71.5175,17766
Cairu,BR,-13.4869,-39.0439,17761
Manalur,IN,10.4929,76.1027,17757
Ambaji,IN,24.3317,72.8456,17753
Kannod,IN,22.6676,76.7429,17744
Carmo,BR,-21.9336,-42.6086,17740
Jagiroad,IN,26.1202,92.1977,17739
Quipapa,BR,-8.8278,-36.0117,17731
Patdi,IN,23.196,71.7917,17725
Mahudha,IN,22.8208,72.9403,17722
Formosa da Serra Negra,BR,-6.4446,-46.1888,17719
Pirapemas,BR,-3.7267,-44.2233,17714
Santana do Cariri,BR,-7.1883,-39.7369,17712
Belem,BR,-6.6917,-35.5333,17705
Chettinayakkanpatti,IN,10.394,77.9754,17701
Gotan,IN,26.6555,73.7371,17700
Elias Fausto,BR,-23.0428,-47.3739,17699
Mangalam,IN,11.1005,77.2712,17699
Tharu Shah,PK,26.9423,68.1176,17698
Inga,BR,-7.2808,-35.6044,17692
Peddanayakkanpalaiyam,IN,11.651,78.5087,17678
Paraibuna,BR,-23.3861,-45.6622,17667
Bhuwana,IN,24.6214,73.7082,17665
Eshowe,ZA,-28.8865,31.4699,17663
Kothanallur,IN,8.2791,77.3096,17662
Correntes,BR,-9.1289,-36.3303,17660
Alto Araguaia,BR,-17.3147,-53.2153,17657
Terenos,BR,-20.4422,-54.8603,17652
Estreito,BR,-5.7833,-43.25,17647
Balugan,IN,19.7333,85.2167,17645
Sao Miguel do Tapuio,BR,-5.5036,-41.3233,17639
Kherli,IN,27.2736,76.9861,17634
Rahimatpur,IN,17.5921,74.1997,17633
Carire,BR,-3.9506,-40.4733,17632
Naushahro Firoz,PK,26.8401,68.1226,17631
Nangavaram,IN,10.8692,78.5392,17629
Padmapur,IN,21.0,83.0667,17625
Pipili,IN,20.1136,85.8315,17623
Tijucas do Sul,BR,-25.9284,-49.1801,17621
Koratti,IN,10.266,76.3477,17618
Vittal,IN,12.7632,75.099,17618
Pio IX,BR,-6.8354,-40.613,17613
Shirhatti,IN,15.2335,75.58,17610
Iati,BR,-9.0458,-36.8461,17605
Devgarh,IN,25.5253,73.9081,17604
Boqueirao,BR,-7.4818,-36.1322,17598
Ubaitaba,BR,-14.3125,-39.3233,17596
Aluminio,BR,-23.535,-47.2619,17591
Bargi,IN,22.9914,79.8755,17588
Gameleira,BR,-8.5844,-35.3867,17583
Jarwal,IN,27.1629,81.5418,17576
Agua Branca,BR,-5.8922,-42.6361,17573
Nichlaul,IN,27.3125,83.7253,17567
Alipur,PK,33.6489,73.1779,17566
Kanke,IN,23.4348,85.3206,17560
Vazhapadi,IN,11.6554,78.4012,17559
Arroio Grande,BR,-32.2375,-53.0869,17558
Achhibal,IN,33.6841,75.2184,17556
Baffa,PK,34.4377,73.2237,17556
Papanasam,IN,10.9269,79.2706,17548
Gadani,PK,25.1188,66.7322,17540
Kodoli,IN,16.8764,74.1909,17537
Raipur,IN,26.0426,74.0237,17537
Tajpur,IN,29.1624,78.4846,17529
Anadia,BR,-9.6844,-36.3042,17526
Banki,IN,20.3791,85.5295,17521
Settiyarpatti,IN,9.3935,77.4935,17520
Apicum-Acu,BR,-1.5282,-45.0786,17519
Malacacheta,BR,-17.8422,-42.0767,17516
North Guwahati,IN,26.1975,91.7202,17516
Vredefort,ZA,-27.0081,27.3646,17515
Presidente Sarney,BR,-2.5914,-45.3642,17511
Madhuban,IN,26.4386,85.1357,17510
Piratini,BR,-31.4481,-53.1042,17504
Banapur,IN,19.7789,85.1703,17499
Jatara,IN,25.0096,79.0487,17499
Brasnorte,BR,-12.1201,-58.0027,17496
Palera,IN,25.0201,79.2282,17493
Ilam,NP,26.9094,87.9282,17491
Indri,IN,29.88,77.0597,17487
Bodri,IN,22.0235,82.1136,17481
Kallur Tekkumuri,IN,10.2401,76.3236,17480
Pennagaram,IN,12.1343,77.8953,17480
Urucuia,BR,-16.1325,-45.7422,17479
Dharmapuram,IN,8.1203,77.389,17476
Depalpur,IN,22.851,75.5422,17474
Mundwa,IN,27.0631,73.823,17465
Auhammadpur Majri,IN,28.7292,77.0383,17462
Tadigadapa,IN,16.4713,80.697,17462
Cruz do Espirito Santo,BR,-7.14,-35.0864,17461
Tzaneen,ZA,-23.8332,30.1635,17457
Pecanha,BR,-18.5486,-42.5569,17446
Calangute,IN,15.5439,73.7553,17446
Rio Pomba,BR,-21.2747,-43.1792,17443
Sarai Akil,IN,25.3789,81.5104,17443
Rosana,BR,-22.5797,-53.0592,17440
Nova Era,BR,-19.75,-43.0375,17438
Nisang,IN,29.6923,76.7546,17438
Panoor,IN,11.7594,75.5784,17438
Amet,IN,25.3061,73.9258,17434
Matoes do Norte,BR,-3.6322,-44.5558,17432
Bareta,IN,29.8635,75.6964,17432
Le Roux,ZA,-33.8906,19.1033,17432
Kavisuryanagar,IN,19.5815,84.7601,17430
Puthur,IN,10.4874,76.2793,17430
Hat Piplia,IN,22.7695,76.2999,17419
Viradouro,BR,-20.8731,-48.2969,17414
Bhundsi,IN,28.3505,77.0614,17410
Sapeacu,BR,-12.7275,-39.1819,17409
Borda da Mata,BR,-22.2742,-46.1653,17404
Naregal,IN,15.5732,75.808,17403
Bermo,IN,23.7878,85.9353,17401
Khongapani,IN,23.1912,82.1626,17400
Abelardo Luz,BR,-26.5647,-52.3283,17392
Sao Domingos do Prata,BR,-19.865,-42.9683,17392
Joaquim Gomes,BR,-9.1333,-35.7483,17386
Vila Bela da Santissima Trindade,BR,-15.0081,-59.9506,17384
Bagdogra,IN,26.6993,88.3118,17372
Indergarh,IN,26.9352,79.6712,17366
Lasalgaon,IN,20.1427,74.2395,17360
Bhopalwala,PK,32.4297,74.3635,17341
Edakkazhiyur,IN,10.6228,75.9965,17335
Phirangipuram,IN,16.2908,80.2623,17335
Padre Paraiso,BR,-17.0742,-41.4844,17334
Narsala,IN,21.0897,79.1359,17330
Keezhkulam,IN,8.2307,77.1863,17327
Jalalpore,IN,20.949,72.8983,17325
Chhala,IN,23.3078,72.774,17323
Otacilio Costa,BR,-27.4831,-50.1219,17312
Sivagirippatti,IN,10.4502,77.5303,17306
Athagarh,IN,20.52,85.6296,17304
Lakhnadon,IN,22.6005,79.6009,17302
Santo Antonio do Amparo,BR,-20.9464,-44.9189,17285
Takhatgarh,IN,25.3224,73.0049,17285
Talwandi Bhai,IN,30.8558,74.9298,17285
Dadhar,PK,29.4749,67.6517,17276
Mulki,IN,13.091,74.7935,17274
Arinos,BR,-15.9169,-46.1056,17272
Kattatturai,IN,8.2849,77.2755,17271
Bhanpuri,IN,21.0919,80.9322,17270
Kulasegaram,IN,8.3632,77.2978,17267
Deori,IN,22.099,82.2664,17265
Nilagiri,IN,21.4624,86.7679,17264
Mannarai,IN,11.1172,77.3726,17261
Ajara,IN,16.116,74.211,17257
Bhikshandarkovil,IN,10.8827,78.7046,17257
Jagalur,IN,14.5196,76.3392,17257
Venturosa,BR,-8.5747,-36.8742,17251
Palangarai,IN,11.1978,77.3058,17248
Virajpet,IN,12.1964,75.8051,17246
Narnaund,IN,29.2205,76.1428,17242
Cocal do Sul,BR,-28.5991,-49.3233,17240
Pudur,IN,11.436,77.676,17240
Balugaon,IN,20.1784,85.1133,17238
Amarante,BR,-6.2432,-42.8454,17234
Iriveri,IN,11.8559,75.4736,17231
Cipo,BR,-11.0997,-38.5136,17230
Alnavar,IN,15.4273,74.7411,17228
Bilthra,IN,26.1271,83.8915,17228
Resplendor,BR,-19.3256,-41.2553,17226
Khowa,ZA,-31.3331,27.85,17224
Lima Duarte,BR,-21.8425,-43.7931,17221
Passagem Franca,BR,-6.1797,-43.7836,17220
Buritama,BR,-21.0661,-50.1472,17210
Carnaubal,BR,-4.1667,-40.9428,17210
Itacarambi,BR,-15.1022,-44.0919,17208
Anaimalai,IN,10.583,76.9344,17208
Terra Boa,BR,-23.7681,-52.4442,17200
Banabuiu,BR,-5.3097,-38.9206,17195
Guru Har Sahai,IN,30.7086,74.4041,17192
Araruna,BR,-6.5583,-35.7417,17189
Breyten,ZA,-26.3018,29.987,17189
Tangla,IN,26.6569,91.9138,17183
Cacimba de Dentro,BR,-6.6417,-35.79,17178
Condeuba,BR,-14.8953,-41.9686,17178
Mendarda,IN,21.3211,70.4408,17166
Massaranduba,BR,-26.6106,-49.0083,17162
Pocao de Pedras,BR,-4.7518,-44.9438,17161
Tanque Novo,BR,-13.5464,-42.4914,17158
Altinopolis,BR,-21.0256,-47.3739,17156
Cassia,BR,-20.5831,-46.9219,17155
Juquia,BR,-24.3208,-47.6347,17154
Tejucuoca,BR,-3.9889,-39.5806,17154
Bom Sucesso,BR,-21.0331,-44.7581,17151
Perdizes,BR,-19.3528,-47.2928,17151
Monsenhor Tabosa,BR,-4.7894,-40.0633,17149
Taleigao,IN,15.4692,73.8328,17148
Itaquitinga,BR,-7.6678,-35.1017,17142
Ipaba,BR,-19.4136,-42.4194,17136
Jawad,IN,24.5992,74.8626,17129
Adustina,BR,-10.5333,-38.1,17126
Pouso Redondo,BR,-27.2581,-49.9339,17123
Basukinath,IN,24.3945,87.0864,17123
Uttarkashi,IN,30.7299,78.4434,17123
Bom Jesus do Tocantins,BR,-5.0514,-48.6089,17118
Corbelia,BR,-24.7989,-53.3067,17117
Rajgarh,IN,22.6782,74.9448,17113
Ipueiras,BR,-7.0333,-40.45,17111
Belo Campo,BR,-15.0383,-41.2597,17109
Caconde,BR,-21.5294,-46.6439,17101
Ayyalur,IN,10.4818,78.1564,17100
Kolaccheri,IN,11.9763,75.4167,17095
Naranammalpuram,IN,8.7599,77.7399,17094
Mata Roma,BR,-3.625,-43.1111,17090
Chalakilakakara,IN,11.854,75.4387,17088
Shaktinagar,IN,16.3649,77.3586,17088
Piquet Carneiro,BR,-5.8036,-39.4178,17086
Amroli,IN,21.2508,72.8388,17082
Chalala,IN,21.4107,71.1662,17081
Ibitita,BR,-11.5472,-41.9775,17080
Pradopolis,BR,-21.3594,-48.0656,17078
Jenipapo dos Vieiras,BR,-5.3714,-45.6364,17076
Samalka,IN,28.535,77.0908,17076
Sitio Novo,BR,-5.8781,-46.6992,17074
Cidreira,BR,-30.1811,-50.2056,17071
Guapiara,BR,-24.185,-48.5328,17071
Pedra Branca do Amapari,BR,0.7781,-51.9436,17067
Meppadam,IN,9.3242,76.4934,17067
Serra Dourada,BR,-12.7607,-43.95,17066
Crixas,BR,-14.5489,-49.9692,17065
Indiara,BR,-17.1381,-49.9881,17061
Madambakkam,IN,12.8525,80.0467,17058
Paulino Neves,BR,-2.7192,-42.5331,17056
Nongpoh,IN,25.9023,91.8769,17055
Mahiari,IN,22.5883,88.2354,17051
Porteiras,BR,-7.5347,-39.1183,17050
Souto Soares,BR,-12.0886,-41.6378,17050
Naraina,IN,26.7907,75.2061,17048
Kokotamangalam South,IN,9.6795,76.3589,17047
Ilhota,BR,-26.8997,-48.8272,17046
Teonthar,IN,24.9821,81.6419,17039
Jigani,IN,12.7861,77.6385,17036
Ribeiropolis,BR,-10.5394,-37.4167,17033
Sume,BR,-7.6717,-36.88,17031
Solanea,BR,-6.7546,-35.6645,17030
Nayagarh,IN,20.1288,85.0963,17030
Kusum Pur,IN,28.5547,77.1573,17028
Sao Sepe,BR,-30.1606,-53.5653,17019
Piranga,BR,-20.6847,-43.3003,17018
Eravattur,IN,11.5801,75.7384,17016
Tapaua,BR,-5.6283,-63.1833,17015
Nawabganj,IN,26.864,82.141,17015
Maghar,IN,26.7559,83.1277,17011
Manaquiri,BR,-3.4281,-60.4594,17009
Varam,IN,11.8996,75.4132,17008
Ongallur-I,IN,10.8027,76.2185,16998
Itajobi,BR,-21.3181,-49.0544,16989
Bicholim,IN,15.5932,73.9457,16986
Hukumpeta,IN,16.9887,81.8017,16985
Piata,BR,-13.1519,-41.7728,16984
Tapiramuta,BR,-11.8472,-40.7914,16974
Bacabeira,BR,-2.9708,-44.3156,16966
Valvachatottam,IN,8.2803,77.2561,16965
Bijaipur,IN,26.0505,77.3714,16964
Serafina Correa,BR,-28.7117,-51.935,16961
Bhan,PK,26.5583,67.7214,16961
Garhshankar,IN,31.2154,76.1415,16955
Dirba,IN,30.0722,75.9961,16952
Realeza,BR,-25.7689,-53.5325,16950
Ranpur,IN,22.3516,71.7118,16944
Dukli,IN,23.7984,91.2964,16941
Manjhanpur,IN,25.5305,81.3757,16939
Carmopolis,BR,-10.6481,-36.9889,16937
Guajara,BR,-7.5458,-72.5836,16937
Mihona,IN,26.2837,78.9805,16935
Gothara,IN,28.0662,75.8177,16933
Tibau do Sul,BR,-6.1867,-35.0919,16929
Terra Rica,BR,-22.7264,-52.6202,16924
Makum,IN,27.4865,95.4365,16923
Kalghatgi,IN,15.1831,74.971,16917
Governador Celso Ramos,BR,-27.3147,-48.5592,16915
Eruvatti,IN,11.8062,75.5302,16905
Merta Road,IN,26.7227,73.9176,16905
Tanakpur,IN,29.074,80.1114,16905
Undera,IN,22.3483,73.1331,16902
Khed,IN,17.7189,73.3969,16892
Ga-Malakhe,ZA,-30.8063,30.3348,16891
Sao Joao do Soter,BR,-5.1139,-43.81,16889
Kutiyana,IN,21.6241,69.9849,16877
Sultanpur,IN,31.2147,75.196,16877
Boa Vista do Tupim,BR,-12.6623,-40.6065,16873
Ahor,IN,25.3687,72.7804,16867
Siralkoppa,IN,14.3807,75.2501,16864
Winburg,ZA,-28.518,27.0093,16862
Malhada,BR,-14.3361,-43.7736,16861
Sithurajapuram,IN,9.4214,77.7873,16860
Nova Ipixuna,BR,-4.9211,-49.0769,16854
Vandalur,IN,12.8924,80.0808,16852
Moreh,IN,24.2508,94.3007,16847
Chelamartam,IN,10.1371,76.457,16844
Challapalle,IN,16.1176,80.9314,16841
Konarka,IN,19.8902,86.0976,16834
Macatuba,BR,-22.5022,-48.7114,16829
Gandevi,IN,20.8121,72.9981,16827
Acharipallam Vaniyakudi,IN,8.1743,77.3849,16822
Peralassery,IN,11.8322,75.4825,16821
Bara Uchana,IN,29.4675,76.178,16815
Arkalgud,IN,12.7617,76.0603,16810
Kamakhyanagar,IN,20.9338,85.5449,16810
Budhni,IN,22.7866,77.6811,16808
Pinarayi,IN,11.8049,75.481,16801
Santo Antonio do Leverger,BR,-15.8656,-56.0767,16795
Pachchal,IN,12.5112,78.5552,16789
Navalpattu,IN,10.7505,78.7763,16788
Sao Paulo do Potengi,BR,-5.895,-35.7628,16786
Goth Radhan,PK,27.1985,67.9535,16786
Vathirairuppu,IN,9.6353,77.6389,16784
Sivagiri,IN,11.1203,77.7881,16779
Bawal,IN,28.0718,76.5831,16776
Hanumana,IN,24.7789,82.096,16771
Porathissery,IN,10.3764,76.2015,16768
Vallam,IN,10.7199,79.0598,16758
Amta,IN,22.5834,88.0104,16753
Caledon,ZA,-34.23,19.4265,16752
Pitimbu,BR,-7.4706,-34.8086,16751
Vada,IN,19.6535,73.1481,16750
Kadod,IN,21.2172,73.2197,16747
Valavanur,IN,11.9209,79.5824,16745
Khapat,IN,21.6541,69.6126,16744
Agua Clara,BR,-20.4481,-52.8781,16741
Babai,IN,22.7026,77.9349,16741
Barra de Santo Antonio,BR,-9.4047,-35.5072,16735
Andada,IN,21.6559,73.0215,16730
Beri Khas,IN,28.7015,76.5771,16727
Dera Mandi,IN,28.436,77.176,16725
Chanaje,IN,18.8613,72.9526,16714
Samburvadakara,IN,8.9986,77.3876,16709
Thorapadi,IN,12.8915,79.1238,16700
Karingal,IN,8.2363,77.2426,16691
Nal Khera,IN,23.836,76.2432,16690
Piriyapatna,IN,12.335,76.1007,16685
Nohsa,IN,25.5653,85.056,16680
Sao Vicente Ferrer,BR,-7.5911,-35.4914,16677
Phaphund,IN,26.5989,79.4644,16675
Sarangpore,IN,21.6359,73.0475,16671
Alvaraes,BR,-3.2208,-64.8042,16670
Babrala,IN,28.2642,78.4056,16670
Virnur,IN,11.8443,77.8473,16665
Ajaigarh,IN,24.8988,80.2592,16656
Cafelandia,BR,-21.8025,-49.61,16654
Islamgarh,PK,33.1897,73.8383,16651
Baihar,IN,22.1013,80.5497,16650
Malihabad,IN,26.9222,80.7108,16649
Aracagi,BR,-6.8531,-35.3811,16646
Mangueirinha,BR,-25.9411,-52.1756,16642
Jhusi,IN,25.4374,81.9055,16642
Fartura,BR,-23.3883,-49.51,16641
Itapiranga,BR,-27.1694,-53.7122,16638
Trajpar,IN,22.8157,70.8665,16637
Salitre,BR,-7.2847,-40.4572,16633
Fortim,BR,-4.4519,-37.7972,16631
Pudusseri,IN,10.7582,76.7859,16629
Pattamadai,IN,8.6726,77.5845,16625
Cuncolim,IN,15.1773,73.9939,16623
Pathalgaon,IN,22.5566,83.4635,16613
Asind,IN,25.7342,74.3328,16611
Baliguda,IN,20.1997,83.9094,16611
Vaghodia,IN,22.3051,73.4002,16604
Getulio Vargas,BR,-27.8903,-52.2275,16602
Nazareth,IN,8.561,77.9721,16584
Samurou,IN,24.7009,93.9033,16582
Madhuban,IN,23.7815,91.2858,16579
Lalpettai,IN,11.3009,79.5561,16561
Placido de Castro,BR,-10.3353,-67.1856,16560
Salumbar,IN,24.1352,74.0444,16557
Coaraci,BR,-14.6408,-39.5511,16549
Sonkach,IN,22.9717,76.3467,16545
Koppies,ZA,-27.2418,27.5742,16537
Bonito,BR,-1.3625,-47.3058,16530
Jambai,IN,11.4678,77.6434,16522
Maranhaozinho,BR,-2.2431,-45.8571,16511
Kotekara,IN,12.7929,74.8722,16505
Chandameta,IN,22.1909,78.7303,16497
Kiphire,IN,25.8679,94.7857,16487
Khatra,IN,22.9762,86.8546,16484
Uthal,PK,25.8072,66.6219,16483
Xangri-la,BR,-29.8008,-50.0436,16463
Goraya,IN,31.1241,75.7724,16462
Sundakkampalaiyam,IN,10.5666,77.2135,16459
Clevelandia,BR,-26.4047,-52.3511,16450
Morretes,BR,-25.4769,-48.8344,16446
Pianco,BR,-7.1981,-37.9292,16441
Sindkhed Raja,IN,19.9536,76.1264,16434
Susner,IN,23.9467,76.0883,16432
Neopolis,BR,-10.32,-36.5794,16426
Sertanopolis,BR,-23.0586,-51.0364,16413
Cajari,BR,-3.3208,-45.0108,16412
Bharwari,IN,25.5608,81.4916,16411
Aveiro,BR,-3.6056,-55.3317,16404
Chendrappini,IN,10.3555,76.1282,16404
Ibitiara,BR,-12.6522,-42.2178,16403
Rani Khera,IN,28.706,77.0258,16402
Bituruna,BR,-26.1614,-51.5525,16400
Bhainsdehi,IN,21.6449,77.6302,16400
Kankauli,IN,16.2661,73.7122,16398
Santa Margarida,BR,-20.3839,-42.2506,16395
Poco Fundo,BR,-21.7808,-45.965,16390
Faxinal,BR,-24.0003,-51.3194,16389
Gokavaram,IN,17.2582,81.8499,16389
Nova Resende,BR,-21.1261,-46.4203,16387
Padampur,IN,20.9993,83.0632,16387
Curti,IN,15.4167,74.0167,16385
Nambiyur,IN,11.3581,77.3212,16379
Caridade,BR,-4.2322,-39.1925,16377
Lochapada,IN,19.3287,84.8007,16377
Bargur,IN,12.5429,78.3573,16366
Dharampuri,IN,22.1495,75.3444,16363
Kaleke Mandi,PK,31.976,73.6,16361
Shopian,IN,33.7172,74.8341,16360
Mullanpur,IN,30.8546,75.6609,16356
Jussara,BR,-11.044,-41.971,16354
Uttukuli,IN,10.6519,76.9778,16354
Kandari,IN,21.0608,75.8098,16353
Demerval Lobao,BR,-5.3583,-42.6764,16352
Khada,IN,27.1833,83.8833,16350
Central,BR,-11.1356,-42.1128,16348
Tapejara,BR,-23.7331,-52.8733,16345
Jasidih,IN,24.5138,86.6458,16338
Kargil,IN,34.5577,76.1262,16338
Jatauba,BR,-7.99,-36.4964,16328
Sananduva,BR,-27.9497,-51.8067,16328
Kotaparh,IN,19.1426,82.3254,16326
Alto Paraiso,BR,-9.7228,-63.3102,16320
Nova Olimpia,BR,-14.7972,-57.2881,16314
Johi,PK,26.6923,67.6143,16311
Chakulia,IN,22.483,86.7179,16306
Shahgarh,IN,24.3136,79.1181,16300
Kadamakudi,IN,10.0642,76.2456,16295
Annamalainagar,IN,11.4,79.7333,16289
Sao Francisco do Guapore,BR,-12.0522,-63.5675,16286
Pindai,BR,-14.4925,-42.6872,16285
Ambasa,IN,23.936,91.8544,16285
Arumanai,IN,8.367,77.2433,16283
Anandpur,IN,31.2393,76.5025,16282
Raposos,BR,-19.9672,-43.8042,16279
Omalur,IN,11.741,78.0456,16279
Hatti,IN,16.1984,76.6604,16278
Chennimalai,IN,11.1638,77.6039,16268
Centro Novo do Maranhao,BR,-2.1409,-46.1239,16267
Madukkur,IN,10.481,79.3994,16266
Bahula,IN,23.6518,87.1647,16264
Mangla,PK,31.8931,72.3817,16264
Ayyampettai,IN,10.9014,79.1798,16263
Dhulikhel,NP,27.6221,85.5428,16263
Naroli,IN,20.2735,72.9417,16260
Nuh,IN,28.103,77.0014,16260
Cumaru,BR,-8.0061,-35.6972,16252
Thimiri,IN,12.8283,79.3079,16246
Ellakkudi,IN,10.806,78.7503,16244
Ibicui,BR,-14.8417,-39.9867,16230
Kamalganj,IN,27.2618,79.6313,16222
Bhikangaon,IN,21.8676,75.9639,16217
Piacabucu,BR,-10.4056,-36.4344,16201
Neelagiri,IN,10.7594,79.0934,16197
Frischgewaagd,ZA,-27.3898,30.9547,16192
Tremedal,BR,-14.9758,-41.4108,16189
Tocantins,BR,-21.175,-43.0178,16185
Jalakandapuram,IN,11.6978,77.873,16184
Mullanwala,IN,31.0619,74.8228,16183
Shahr Sultan,PK,29.5752,71.0221,16166
Pandaria,IN,22.2249,81.4099,16165
Thiruvaiyaru,IN,10.8841,79.1036,16164
Elandakuttai,IN,11.406,77.775,16160
Sanwer,IN,22.9742,75.8271,16150
Itirapina,BR,-22.2528,-47.8228,16148
Nallavila,IN,8.2055,77.3444,16138
Kamayakkavundanpatti,IN,9.7386,77.32,16134
Ugie,ZA,-31.1981,28.2335,16133
Urucara,BR,-2.5364,-57.76,16130
Bijapur,IN,18.7939,80.816,16129
Kuthalam,IN,11.0743,79.5622,16125
Chengalam,IN,9.5966,76.4678,16111
Cherukunnu,IN,11.9956,75.2872,16111
Itaete,BR,-12.9864,-40.9725,16110
Kuda,IN,25.8909,93.7388,16108
Canudos,BR,-9.8967,-39.0264,16105
Jacupiranga,BR,-24.6925,-48.0022,16097
Bagale,ZA,-26.0657,27.6476,16087
Chevvoor,IN,10.4586,76.2088,16086
Vaniyamkulam,IN,10.783,76.3336,16085
Tevaram,IN,9.8967,77.2809,16079
Bhiloda,IN,23.7676,73.247,16074
Sao Lourenco da Serra,BR,-23.8525,-46.9425,16067
Shahi,IN,28.5502,79.3176,16064
Fonte Boa,BR,-2.5139,-66.0917,16060
Kedia,IN,23.7945,85.5872,16054
Leeudoringstad,ZA,-27.2371,26.2351,16042
Agudo,BR,-29.6453,-53.24,16041
Simga,IN,21.6281,81.7038,16027
Kandamkunnu,IN,11.8695,75.5808,16025
Cajueiro,BR,-9.3967,-36.1536,16024
Kudal,IN,16.0115,73.6887,16015
Girua,BR,-28.0283,-54.3497,16013
Satiro Dias,BR,-11.6039,-38.5831,16008
Monte Negro,BR,-10.2944,-63.3253,16007
Utnur,IN,19.368,78.7761,16005
Hindoria,IN,23.9034,79.5686,16001
Karimabad,PK,36.3269,74.6614,16000
Betma,IN,22.6865,75.6146,15999
Kappiyara,IN,8.2466,77.2617,15998
Vellakkinar,IN,11.0736,76.9566,15998
Makwassie,ZA,-27.3156,25.995,15996
Balaungi,IN,30.7306,76.6937,15982
Balneario Rincao,BR,-28.8321,-49.2366,15981
Hajo,IN,26.2452,91.5252,15977
Sodhri,PK,32.4621,74.1821,15977
Kalabagh,PK,32.9616,71.5464,15976
Thulamahashi,ZA,-24.7246,31.1994,15974
Maliya,IN,23.093,70.7588,15964
Ashton,ZA,-33.8314,20.0559,15964
Kombai,IN,9.8475,77.296,15960
Asara,IN,29.2471,77.3089,15959
Gansbaai,ZA,-34.583,19.3505,15957
Ferreiros,BR,-7.4475,-35.2442,15955
Colonia Leopoldina,BR,-8.9089,-35.725,15949
Koothappar,IN,10.7971,78.7923,15943
Campanha,BR,-21.8361,-45.4006,15935
Udalguri,IN,26.7537,92.1021,15935
Vaso,IN,22.6608,72.7552,15934
Chanasma,IN,23.7147,72.1128,15932
Boothapandi,IN,8.2659,77.4461,15931
Bharanikavu Tekku,IN,9.1849,76.5608,15922
Mirante do Paranapanema,BR,-22.2919,-51.9064,15917
Quixelo,BR,-6.2544,-39.2019,15910
Rura,IN,26.49,79.9011,15908
Mario Campos,BR,-20.0564,-44.1883,15900
Bunjwah,IN,33.1458,75.9479,15899
Atalaia do Norte,BR,-4.3665,-70.1919,15892
Chandia,IN,23.6565,80.7091,15891
Cerejeiras,BR,-13.1889,-60.8122,15890
Vijayapuri North,IN,16.5853,79.3205,15887
Tlokoeng,ZA,-30.6927,28.5061,15884
Khaniadhana,IN,25.0298,78.1271,15877
Thubelihle,ZA,-26.2155,29.2916,15876
Mozarlandia,BR,-14.7447,-50.5706,15870
Kannampalaiyam,IN,10.9954,77.099,15868
Pipraich,IN,26.8274,83.5263,15856
Tupi Paulista,BR,-21.3811,-51.5706,15854
Abhayapuri,IN,26.3225,90.6853,15847
Srivaikuntam,IN,8.6293,77.9128,15847
Bonito,BR,-11.9694,-41.2658,15844
Sunel,IN,24.3707,75.9571,15840
Sisauli,IN,29.4139,77.4689,15837
Unhel,IN,23.3379,75.5593,15837
Balneario Arroio do Silva,BR,-28.9869,-49.4173,15820
Marattakara,IN,10.4733,76.2558,15817
Vadakkekkad,IN,10.6635,76.0033,15811
Domchanch,IN,24.4748,85.6921,15809
Canutama,BR,-6.5339,-64.3831,15807
Kallar Kahar,PK,32.78,72.6979,15800
Molakalumuru,IN,14.7178,76.7468,15797
Conceicao do Almeida,BR,-12.7794,-39.17,15794
Daggakraal,ZA,-27.1325,29.9764,15793
Jalda,IN,22.1872,84.8436,15789
Jodiya Bandar,IN,22.7167,70.2833,15788
Dera Colliery Township,IN,20.9528,85.1717,15787
Holalkere,IN,14.0429,76.185,15783
Dumra,IN,26.5671,85.5204,15778
Lagoa Real,BR,-14.0347,-42.1422,15770
Pudukkottai,IN,9.9373,78.0533,15769
Mennanyam,IN,11.5579,75.7596,15768
Binika,IN,21.0263,83.812,15765
Sonpet,IN,19.0259,76.4739,15765
Cala,ZA,-31.5236,27.6952,15764
Bangarda,IN,22.7592,75.7954,15761
Dharni,IN,21.5533,76.8897,15761
Thandla,IN,23.0096,74.5775,15756
Nobres,BR,-14.7203,-56.3275,15753
Khuldabad,IN,20.0067,75.1924,15749
Ipora,BR,-24.0031,-53.7042,15746
Elumalai,IN,9.865,77.6992,15746
Khetia,IN,21.6712,74.5854,15744
Bhudgaon,IN,16.9074,74.5995,15738
Santa Juliana,BR,-19.3086,-47.5253,15734
Khusropur,IN,25.4817,85.3849,15731
Correia Pinto,BR,-27.5847,-50.3611,15727
Yerkhera,IN,21.2165,79.1855,15727
Orizona,BR,-17.0314,-48.2958,15725
Maruim,BR,-10.7375,-37.0817,15719
Coronel Joao Sa,BR,-10.2842,-37.9264,15717
Khatima,IN,28.9213,79.9707,15714
Campinapolis,BR,-14.5411,-52.7951,15713
Bari Sadri,IN,24.4134,74.4733,15713
Dapoli,IN,17.7593,73.1882,15713
Kumarapalaiyam,IN,11.5021,77.2555,15706
Estrela de Alagoas,BR,-9.3903,-36.76,15701
Kabilpor,IN,20.9508,72.9583,15699
Fernie,ZA,-26.3901,30.7874,15693
Sumidouro,BR,-22.0497,-42.6747,15690
Periyapatti,IN,11.2052,78.1512,15690
Yamjal,IN,17.2694,78.5767,15689
Rahon,IN,31.0527,76.1191,15676
Vadakancheri,IN,10.6604,76.2466,15674
Dhanot,PK,29.5799,71.7521,15672
Bagar,IN,28.1878,75.5001,15670
Balneario Gaivota,BR,-29.1567,-49.5794,15669
Harnoli,PK,32.2787,71.5543,15669
Manaveli,IN,11.8909,79.8104,15666
Colorado do Oeste,BR,-13.1167,-60.5417,15663
Manthani,IN,18.6509,79.665,15661
Malamulele,ZA,-22.9711,30.6736,15659
Igapora,BR,-13.7733,-42.7142,15650
Vidyavihar,IN,28.3681,75.584,15644
Neb Sarai,IN,28.5084,77.2006,15640
Lakhipur,IN,26.03,90.3061,15633
Sarai Sidhu,PK,30.5948,71.9699,15632
Panangad,IN,10.2728,76.1748,15630
Palmitos,BR,-27.0675,-53.1611,15626
Chokkanathapuram,IN,9.9921,77.3566,15625
Kamatgi,IN,16.0779,75.8132,15620
Khutar,IN,28.2031,80.2705,15618
Satalkheri,IN,24.6522,75.9983,15617
Maval,IN,18.7553,73.4443,15612
Kasara,IN,19.6451,73.4743,15611
Agaram,IN,10.4433,77.9485,15610
Baben,IN,21.1373,73.0965,15610
Narayankher,IN,18.0341,77.7728,15610
Salangaippalaiyam,IN,11.426,77.5707,15609
Vitoria do Xingu,BR,-2.88,-52.01,15607
Baberu,IN,25.5471,80.7044,15607
Terra Preta,BR,-22.6333,-47.05,15605
Northam,ZA,-24.9578,27.2654,15598
Espumoso,BR,-28.7247,-52.8497,15594
Danta,IN,27.2964,75.1867,15594
Badshahpur,IN,28.3932,77.0492,15593
Chengala,IN,12.4984,75.0503,15588
Haripad,IN,9.2836,76.4552,15588
Gulgam,IN,34.55,74.2173,15587
Sao Pedro do Sul,BR,-29.6206,-54.1789,15577
Kuchinda,IN,21.7436,84.3485,15576
Husainpur,IN,31.3118,75.3217,15575
Kompalli,IN,17.545,78.4884,15575
Lagoa Nova,BR,-6.094,-36.4722,15573
Kalher,IN,19.2472,73.0152,15573
Fortuna,BR,-5.7333,-44.1583,15567
Canapi,BR,-9.1169,-37.6022,15559
Tosham,IN,28.8699,75.9165,15559
Ponmana,IN,8.3552,77.3283,15554
Natividade,BR,-21.0422,-41.9733,15550
Santa Cecilia,BR,-26.9608,-50.4269,15546
Sanjan,IN,20.1916,72.8183,15544
Fouriesburg,ZA,-28.6196,28.2097,15544
Bilsanda,IN,28.2434,79.9514,15538
Charqueada,BR,-22.5097,-47.7781,15535
Itariri,BR,-24.2892,-47.1744,15528
Pedregulho,BR,-20.2569,-47.4767,15525
Leteri,IN,24.0598,77.4086,15519
Passa Quatro,BR,-22.3903,-44.9667,15515
Nova Timboteua,BR,-1.2078,-47.3925,15506
Vettavalam,IN,12.1077,79.2452,15506
Barra de Santa Rosa,BR,-6.7197,-36.0606,15497
Mani Majra,IN,30.714,76.8382,15489
Dom Feliciano,BR,-30.7042,-52.1075,15487
Kurwai,IN,24.1172,78.0383,15487
Taranagar,IN,23.9688,91.3708,15481
Kosigi,IN,15.8551,77.2446,15455
Winnie Mandela,ZA,-28.7003,26.4581,15454
Brahmanan di Bari,IN,32.644,74.911,15453
Rio do Antonio,BR,-14.4114,-42.0756,15448
Mamafubedu,ZA,-27.6661,28.1313,15447
Condado,BR,-7.5858,-35.1058,15441
Coremas,BR,-7.0144,-37.9458,15441
Tindal,IN,11.3169,77.6742,15440
Primeira Cruz,BR,-2.51,-43.4383,15431
Moorreesburg,ZA,-33.1539,18.6603,15428
Santa Luzia,BR,-6.8722,-36.9186,15426
Kalugumalai,IN,9.1494,77.7057,15423
Tirthahalli,IN,13.6883,75.2455,15422
Ajeetgarh,IN,27.4193,75.8214,15414
Turaru,BR,-3.6,-39.4333,15412
Messias,BR,-9.3833,-35.8417,15405
Parvatsar,IN,26.886,74.766,15405
Bela Vista do Paraiso,BR,-22.9967,-51.1906,15399
Nova Olinda,BR,-7.0917,-39.6806,15399
Kachhwa,IN,25.2062,82.7144,15381
Ramachandrapuran,IN,17.5126,78.2885,15381
Rampur,IN,21.0735,84.341,15379
Sayla,IN,22.5493,71.4832,15376
Seoni Chhapara,IN,22.3939,79.5424,15371
Purushottampur,IN,19.5202,84.8851,15366
Cruzilia,BR,-21.8386,-44.8083,15362
Bah,IN,26.8691,78.5939,15359
Urandi,BR,-14.7714,-42.655,15355
Kanhirode,IN,11.9184,75.4645,15353
Davorlim,IN,15.2722,73.9924,15350
Dornakal,IN,17.4447,80.1491,15350
Morampudi,IN,16.98,81.8371,15346
Penha de Franca,IN,15.517,73.8354,15342
Kanchanpur,IN,24.0359,92.1996,15341
Badgam,IN,34.0152,74.7207,15338
Rio Azul,BR,-25.7328,-50.7964,15336
Palaiyam,IN,10.7256,78.1354,15336
Pappinivattom,IN,10.2937,76.1583,15336
Mirganj,IN,28.5401,79.2082,15335
Teolandia,BR,-13.6023,-39.4924,15332
Jupi,BR,-8.7117,-36.415,15329
Darasuram,IN,10.9499,79.3561,15326
Kushalnagar,IN,12.458,75.959,15326
Sayan,IN,21.3198,72.8817,15324
Katangi,IN,21.7737,79.8051,15321
Santo Cristo,BR,-27.8239,-54.6628,15320
Inhuma,BR,-6.6683,-41.7078,15319
Sao Joao Evangelista,BR,-18.5478,-42.7633,15315
Bhauri,IN,24.6609,72.914,15312
Kathor,IN,21.2885,72.9407,15311
Villukuri,IN,8.2226,77.3732,15304
Baonli,IN,26.3261,76.2283,15300
Guamare,BR,-5.1075,-36.3203,15295
Bantva,IN,21.4882,70.0758,15291
Chimbel,IN,15.4926,73.8747,15289
Dalkola,IN,25.8758,87.8401,15285
Srivardhan,IN,18.0459,73.0155,15279
Uarini,BR,-2.99,-65.1083,15278
Vilattikulam,IN,9.1323,78.1663,15277
Pereiro,BR,-6.0417,-38.4597,15274
Tapurah,BR,-12.7371,-56.5136,15272
Corupa,BR,-26.4253,-49.2431,15267
Koratagere,IN,13.522,77.2373,15265
Thekkumkara,IN,10.2819,76.2132,15258
Bommasandra Industrial Area,IN,12.8177,77.6842,15254
Trairao,BR,-4.5744,-55.9436,15242
Itanhandu,BR,-22.2958,-44.9347,15236
Rosario Oeste,BR,-14.8361,-56.4275,15236
Kudali,IN,11.9198,75.4722,15236
Gloria,BR,-9.3381,-38.2547,15234
Conchas,BR,-23.0153,-48.0106,15232
Yadagirigutta,IN,17.5889,78.9434,15232
Pinhalzinho,BR,-22.7794,-46.5906,15224
Salto do Lontra,BR,-25.7839,-53.3086,15223
Mulanur,IN,10.7943,77.7115,15223
Ichhawar,IN,23.0282,77.0173,15221
Saram,IN,23.7625,85.83,15212
Jugial,IN,32.3684,75.6782,15210
Goniana Mandi,IN,30.3168,74.9125,15208
Barrocas,BR,-11.5283,-39.0764,15203
Salesopolis,BR,-23.5291,-45.849,15202
Gangolli,IN,13.6502,74.6707,15200
R.S. Pora,IN,32.6059,74.7334,15197
Sao Felix do Coribe,BR,-13.4006,-44.1947,15194
Niz-Hajo,IN,26.2494,91.5243,15188
Acajutiba,BR,-11.6622,-38.0172,15187
Kilattingal,IN,8.6926,76.7933,15185
Kangeyanallur,IN,12.9508,79.1506,15177
Buguda,IN,19.8081,84.7908,15176
Khapa,IN,21.4224,78.9817,15175
Petlawad,IN,23.011,74.7977,15174
Mahabalipuram,IN,12.6209,80.1933,15172
Ghantapada,IN,20.9345,85.1879,15169
Sultan Pur,IN,28.4956,77.1611,15160
Rondebosch,ZA,-33.9633,18.4764,15158
Meruoca,BR,-3.5417,-40.455,15157
Lormi,IN,22.2743,81.7018,15156
Ottakkadai,IN,9.958,78.1886,15152
Biritinga,BR,-11.6167,-38.8,15146
Triunfo,BR,-7.8381,-38.1017,15141
America Dourada,BR,-11.4553,-41.4361,15137
Korwai,IN,24.1177,78.0401,15136
Kenda,IN,23.1959,86.515,15131
Presidente Dutra,BR,-11.2951,-41.986,15130
Ayikudi,IN,9.0032,77.3449,15129
Karamuck,IN,10.4842,76.1044,15129
Pupri,IN,26.4708,85.7031,15129
Saligram,IN,13.4991,74.7094,15123
Shrivardhan,IN,18.0532,73.0011,15123
Garot,IN,24.3234,75.652,15122
Paraty,BR,-23.2178,-44.7131,15118
Phek,IN,25.6667,94.5,15118
Sorada,IN,19.7608,84.43,15117
Kizhariyur,IN,11.4982,75.6807,15116
Vidigal,BR,-22.9948,-43.2399,15112
Piratininga,BR,-22.4128,-49.1347,15108
Jurua,BR,-3.4811,-66.0689,15106
Soledade,BR,-7.0572,-36.3628,15102
Trindade,BR,-27.5861,-48.5234,15100
Holambra,BR,-22.6331,-47.0556,15094
Kharhial,IN,20.2885,82.7606,15087
Tirunageswaram,IN,10.9646,79.4293,15082
Naraini,IN,25.1903,80.475,15077
Lalpur,IN,22.1907,69.9635,15076
Amingarh,IN,16.0566,75.9477,15073
Cambuci,BR,-21.5753,-41.9111,15070
Panth Piplia,IN,24.1951,75.006,15070
Capela,BR,-9.4075,-36.0736,15068
Usehat,IN,27.798,79.2376,15068
Alur,IN,8.1931,77.3643,15063
Cajueiro,BR,-9.7093,-36.4479,15062
Alvinopolis,BR,-20.1067,-43.0489,15059
Pachperwa,IN,27.5123,82.643,15056
Sumbal,IN,34.2307,74.6472,15041
Tamarana,BR,-23.7233,-51.0972,15040
Tucuma,BR,-0.1549,-50.0615,15030
Dysselsdorp,ZA,-33.5757,22.4439,15029
Brasilandia de Minas,BR,-17.0104,-46.0085,15020
Guarei,BR,-23.3728,-48.1842,15013
Andorinha,BR,-10.3447,-39.8356,15012
Dionisio Cerqueira,BR,-26.255,-53.6397,15008
Empuluzu,ZA,-26.305,30.7736,15008
Misrikh,IN,27.4314,80.5316,15007
Un,IN,29.5848,77.2554,15007
Kaveripatnam,IN,12.4219,78.2188,15006
Ahwa,IN,20.7572,73.6863,15004
